timestamp,sweep_index,smu_voltage_V,Vdc_pv_start_V,Idc_pv_start_A,Vdc_pv_V,Idc_pv_A,f_ac_Hz,Vac_mag_raw_V,Vac_phase_raw_deg,Vac_mag_corrected_V,Vac_phase_corrected_deg,Iac_mag_raw_A,Iac_phase_raw_deg,Iac_mag_corrected_A,Iac_phase_corrected_deg,Z_mag_ohm,Z_phase_deg,Z_real_ohm,Z_imag_ohm,Y_real_S,Y_imag_S,C_uncorrected_F
2026-05-18T16:56:49,1,10.4,0.0777617505,1.6,0.0909311043,1.599,5.000000000000001,0.00742,-172.25,0.00742,-172.25,0.000154,-86.48,0.000154,-86.48,48.18181818181818,-85.77,3.5539092039006834,-48.05057057596939,0.0015308758051690377,0.020698180988580617,0.0006588435634686595
2026-05-18T16:56:50,1,10.4,0.0777617505,1.6,0.0844676286,1.599,8.60513842995157,0.009765,171.95,0.009765,171.95,0.001735,-40.11,0.001735,-40.110000000000014,5.628242074927954,-147.94,-4.769894078568445,-2.9875105578436036,-0.1505785802787283,0.09431133919493938,0.0017443200878960751
2026-05-18T16:56:51,1,10.4,0.0777617505,1.6,0.0897766211,1.599,14.809681479725866,0.00711,-178.24,0.00711,-178.24,0.002005,-55.55,0.002005,-55.55,3.546134663341646,-122.69000000000001,-1.9152440722604789,-2.9844448720363834,-0.1523048310869169,0.23733025921194298,0.0025505129162008647
2026-05-18T16:56:52,1,10.4,0.0777617505,1.6,0.0874684928,1.599,25.487871847306213,0.007128,-178.87,0.007128,-178.87,0.000941,-45.69,0.000941,-45.69,7.574920297555791,-133.18,-5.183461951982488,-5.523688958175741,-0.09033660808230796,0.09626603401467,0.0006011178672379644
2026-05-18T16:56:53,1,10.4,0.0777617505,1.6,0.0832312632,1.598,43.86533310618707,0.00712,-179.33,0.00712,-179.33,0.000442,6.09,0.000442,6.090000000000003,16.108597285067873,174.57999999999998,-16.03657661570102,1.5215508342632873,-0.06180110138298933,-0.005863690214008114,-2.1275007306107405e-05
2026-05-18T16:56:54,1,10.4,0.0777617505,1.6,0.0817929352,1.599,75.49345273093543,0.007098,-179.18,0.007098,-179.18,0.000296,10.19,0.000296,10.189999999999998,23.97972972972973,170.63,-23.65978123227994,3.9041247356530233,-0.04114548223687835,-0.006789458168877975,-1.4313503878857347e-05
2026-05-18T16:56:55,1,10.4,0.0777617505,1.6,0.0785093554,1.596,129.92632226094094,0.007099,-179.33,0.007099,-179.33,4.1e-05,20.88,4.1e-05,20.879999999999995,173.14634146341464,159.78999999999996,-162.48619608392568,59.81547997250744,-0.00541988201789032,-0.0019952023747729494,-2.444049172546043e-06
2026-05-18T16:56:56,1,10.4,0.0777617505,1.6,0.080224795,1.599,223.60679774997897,0.007098,-179.62,0.007098,-179.62,3.2e-05,-135.0,3.2e-05,-135.0,221.81250000000003,-44.620000000000005,157.8819019823967,-155.8014447387151,0.0032089305380188803,0.0031666454964880478,2.2538996526808825e-06
2026-05-18T16:56:58,1,10.4,0.0777617505,1.6,0.0808540213,1.599,384.8334897033504,0.007093,-179.9,0.007093,-179.9,5e-05,-118.1,5e-05,-118.1,141.86,-61.80000000000001,67.03605150432398,-125.02170770993982,0.003331106477294895,0.006212487325990359,2.5692879993092465e-06
2026-05-18T16:56:59,1,10.4,0.0777617505,1.6,0.0819371873,1.599,662.3090902757342,0.007094,-172.54,0.007094,-172.54,7.6e-05,-104.4,7.6e-05,-104.4,93.34210526315789,-68.13999999999999,34.75499385743662,-86.63047395072932,0.003988981593910289,0.009942955751299668,2.3893233235021946e-06
2026-05-18T16:57:00,1,10.4,0.0777617505,1.6,0.0819271553,1.599,1139.8522810475968,0.007092,-173.0,0.007092,-173.0,0.000122,-93.73,0.000122,-93.73,58.13114754098361,-79.27,10.822920108015051,-57.11475041324376,0.0032027766979343913,0.01690170396771272,2.3599459139258884e-06
2026-05-18T16:57:01,1,10.4,0.0777617505,1.6,0.0808202788,1.599,1961.717333622126,3.5e-05,-165.56,3.5e-05,-165.56,6.4e-05,-88.16,6.4e-05,-88.16,0.546875,-77.4,0.11929708513873417,-0.5337044791852525,0.39889049855367764,1.7845335075451378,0.0001447799455972159
2026-05-18T16:57:02,1,10.4,0.0777617505,1.6,0.0795491216,1.6,3376.1698432507756,0.002738,175.69,0.002738,175.69,1.8e-05,-104.04,1.8e-05,-104.04,152.11111111111111,-80.26999999999998,25.707609760874693,-149.9230099879247,0.0011110659066274724,0.006479573424600075,3.0545149904515115e-07
2026-05-18T16:57:03,1,10.4,0.0777617505,1.6,0.0784640399,1.598,5810.481772840162,0.007111,171.16,0.007111,171.15999999999997,0.000143,-96.82,0.000143,-96.82,49.72727272727273,-92.02000000000004,-1.7528042031489521,-49.69637139991194,-0.0007088333191214944,0.02009719272946116,5.504823335158291e-07
2026-05-18T16:57:04,1,10.4,0.0777617505,1.6,0.0791652307,1.599,10000.0,0.007178,164.08,0.007178,164.08000000000004,0.000463,-103.49,0.000463,-103.49,15.503239740820735,-92.42999999999995,-0.6573185666440089,-15.489298717608504,-0.002734834019494986,0.06444464407465539,1.0256683660279229e-06
2026-05-18T16:57:06,2,10.5,0.178187237,1.6,0.164965989,1.598,5.000000000000001,2e-05,171.26,2e-05,171.26,0.000743,-108.92,0.000743,-108.92,0.02691790040376851,-79.82,0.004757501492895998,-0.026494141648528514,6.565934854129356,36.56516100732129,1.1639052238532417
2026-05-18T16:57:08,2,10.5,0.178187237,1.6,0.171268761,1.598,8.60513842995157,0.007357,-177.14,0.007357,-177.14,4e-05,-12.38,4e-05,-12.379999999999995,183.92499999999998,-164.76,-177.45694938914485,-48.347044775234004,-0.005245797019118156,0.0014291848487090503,2.643325672395582e-05
2026-05-18T16:57:09,2,10.5,0.178187237,1.6,0.169082739,1.599,14.809681479725866,0.007064,-178.3,0.007064,-178.3,0.000125,-43.38,0.000125,-43.379999999999995,56.512,-134.92000000000002,-39.904184773248254,-40.01577415947943,-0.012495023798791971,0.01252996529789975,0.00013465555735690083
2026-05-18T16:57:10,2,10.5,0.178187237,1.6,0.175255723,1.599,25.487871847306213,0.0071,-178.63,0.0071,-178.63,5.4e-05,-86.23,5.4e-05,-86.23,131.4814814814815,-92.39999999999999,-5.505872990320663,-131.36614988336842,-0.0003184908875178546,0.007598962369765964,4.7450506294246675e-05
2026-05-18T16:57:11,2,10.5,0.178187237,1.6,0.180447256,1.599,43.86533310618707,0.007097,-179.01,0.007097,-179.01,1.7e-05,-127.23,1.7e-05,-127.23,417.47058823529414,-51.77999999999997,258.2818196291385,-327.9820020833211,0.0014819790685048147,0.0018819073778855648,6.828053964768579e-06
2026-05-18T16:57:12,2,10.5,0.178187237,1.6,0.180485247,1.6,75.49345273093543,0.007086,-179.22,0.007086,-179.22,3.6e-05,-148.76,3.6e-05,-148.76,196.83333333333334,-30.460000000000008,169.66704209487906,-99.78204216133105,0.004379254593020343,0.002575461686846648,5.42957625300755e-06
2026-05-18T16:57:13,2,10.5,0.178187237,1.6,0.177518295,1.597,129.92632226094094,0.007087,-179.35,0.007087,-179.35,3.8e-05,-152.11,3.8e-05,-152.11,186.5,-27.23999999999998,165.81659833646953,-85.3645460136814,0.0047672763647110105,0.002454256007408417,3.00637290731237e-06
2026-05-18T16:57:14,2,10.5,0.178187237,1.6,0.178556667,1.601,223.60679774997897,0.007097,-179.67,0.007097,-179.67,4.5e-05,-136.79,4.5e-05,-136.79,157.7111111111111,-42.879999999999995,115.56762221293403,-107.31691042864489,0.004646346509132352,0.00431463019306802,3.0709921601226396e-06
2026-05-18T16:57:15,2,10.5,0.178187237,1.6,0.17902563,1.599,384.8334897033504,0.007087,-179.95,0.007087,-179.95,5.9e-05,-122.21,5.9e-05,-122.21,120.11864406779662,-57.739999999999995,64.11478152514687,-101.57649060027966,0.004443624212381469,0.007039995182126725,2.911519040201769e-06
2026-05-18T16:57:16,2,10.5,0.178187237,1.6,0.178993443,1.599,662.3090902757342,0.007083,-173.15,0.007083,-173.15,8.6e-05,-110.52,8.6e-05,-110.52,82.36046511627906,-62.63000000000001,37.863977119940586,-73.14072361434795,0.005581984779034686,0.010782554739287083,2.5910815827728294e-06
2026-05-18T16:57:18,2,10.5,0.178187237,1.6,0.177871961,1.6,1139.8522810475968,0.007087,-174.57,0.007087,-174.57,0.000139,-94.71,0.000139,-94.71,50.98561151079137,-79.86,8.976220654146962,-50.18924231244587,0.0034530133298992277,0.01930702568484125,2.6957954335280746e-06
2026-05-18T16:57:19,2,10.5,0.178187237,1.6,0.17956212,1.597,1961.717333622126,0.002057,-174.05,0.002057,-174.05,8.6e-05,-89.66,8.6e-05,-89.66,23.918604651162788,-84.39000000000001,2.3382014248990877,-23.804042987594062,0.004087052720970487,0.04160821117741965,3.3756914763405836e-06
2026-05-18T16:57:20,2,10.5,0.178187237,1.6,0.179233987,1.599,3376.1698432507756,0.004837,-179.22,0.004837,-179.22,3.4e-05,-34.59,3.4e-05,-34.59,142.26470588235296,-144.63,-116.0070506555662,-82.35053574804046,-0.0057317870221840865,0.004068853827445159,1.91808537313617e-07
2026-05-18T16:57:21,2,10.5,0.178187237,1.6,0.176951464,1.595,5810.481772840162,0.007102,170.43,0.007102,170.43,0.000288,-100.82,0.000288,-100.82,24.65972222222222,-88.75,0.5379490052619907,-24.65385387611637,0.0008846362841387796,0.04054230692748716,1.1104945861837526e-06
2026-05-18T16:57:22,2,10.5,0.178187237,1.6,0.178013791,1.596,10000.0,0.006703,162.4,0.006703,162.39999999999998,0.000593,-103.55,0.000593,-103.55,11.303541315345699,-94.05000000000001,-0.7983350534512843,-11.275314071464178,-0.006248217612588686,0.08824692798371597,1.4044934801282903e-06
2026-05-18T16:57:24,3,10.6,0.279312442,1.6,0.289740412,1.598,5.000000000000001,9e-06,162.65,9e-06,162.64999999999998,0.000823,-112.05,0.000823,-112.05,0.010935601458080195,-85.30000000000001,0.0008960468744475904,-0.010898829260464557,7.492821400280393,91.13695215013823,2.900979286604807
2026-05-18T16:57:25,3,10.6,0.279312442,1.6,0.281077315,1.599,8.60513842995157,0.006818,-174.94,0.006818,-174.94,9.7e-05,-127.92,9.7e-05,-127.92,70.28865979381443,-47.01999999999998,47.918803756004564,-51.42260147254423,0.009699189455539518,0.010408389084971973,0.00019250667330709544
2026-05-18T16:57:26,3,10.6,0.279312442,1.6,0.282786274,1.598,14.809681479725866,0.007051,-178.33,0.007051,-178.33,6.1e-05,-166.65,6.1e-05,-166.65,115.59016393442623,-11.680000000000007,113.19670049127495,-23.400705038013758,0.008472118247344266,0.0017514074111069902,1.8821819174642807e-05
2026-05-18T16:57:28,3,10.6,0.279312442,1.6,0.283158863,1.598,25.487871847306213,0.007063,-178.49,0.007063,-178.49,3.2e-05,-139.97,3.2e-05,-139.97,220.71875,-38.52000000000001,172.68832172195127,-137.46094042461058,0.003544741036167467,0.0028216351374231357,1.7619249751922067e-05
2026-05-18T16:57:29,3,10.6,0.279312442,1.6,0.279365312,1.598,43.86533310618707,0.007057,-179.08,0.007057,-179.08,5.4e-05,178.93,5.4e-05,178.93,130.6851851851852,1.990000000000009,130.60636933012654,4.538052146981471,0.007647361875736271,-0.0002657154253420024,-9.640853130323158e-07
2026-05-18T16:57:30,3,10.6,0.279312442,1.6,0.277427651,1.598,75.49345273093543,0.007058,-179.27,0.007058,-179.27,4e-05,-161.79,4e-05,-161.79,176.45,-17.480000000000018,168.30186697960656,-53.00079311839408,0.005405621188823805,0.0017023115396573344,3.588805206518506e-06
2026-05-18T16:57:31,3,10.6,0.279312442,1.6,0.278982115,1.597,129.92632226094094,0.007056,-179.36,0.007056,-179.36,6.9e-05,-165.26,6.9e-05,-165.26,102.26086956521739,-14.100000000000023,99.179955649988,-24.912282944379385,0.00948429266647499,0.002382289656070803,2.9182167865790685e-06
2026-05-18T16:57:32,3,10.6,0.279312442,1.6,0.279385622,1.598,223.60679774997897,0.007054,-179.7,0.007054,-179.7,7.4e-05,-152.07,7.4e-05,-152.07,95.32432432432434,-27.629999999999995,84.453621932694,-44.20760738084068,0.009294174207963699,0.004865074995152295,3.462778152464908e-06
2026-05-18T16:57:33,3,10.6,0.279312442,1.6,0.279055375,1.597,384.8334897033504,0.007055,-179.99,0.007055,-179.99,8.3e-05,-139.14,8.3e-05,-139.14,85.0,-40.85000000000002,64.29608678695783,-55.59688142228831,0.008899112358056446,0.0076950700930502845,3.1824372761623024e-06
2026-05-18T16:57:34,3,10.6,0.279312442,1.6,0.27892156,1.596,662.3090902757342,0.00705,-173.37,0.00705,-173.37,0.000111,-120.35,0.000111,-120.35,63.51351351351351,-53.02000000000001,38.205678209661784,-50.737486648148405,0.009470995648533634,0.012577567989373505,3.0224288734279605e-06
2026-05-18T16:57:35,3,10.6,0.279312442,1.6,0.279105404,1.599,1139.8522810475968,0.007045,-174.34,0.007045,-174.34,0.000169,-104.2,0.000169,-104.2,41.68639053254438,-70.14,14.161826583353578,-39.207114449482575,0.008149494787834298,0.022561932457756294,3.1502705535292486e-06
2026-05-18T16:57:36,3,10.6,0.279312442,1.6,0.278646482,1.598,1961.717333622126,2.9e-05,91.97,2.9e-05,91.97000000000003,0.000136,-96.39,0.000136,-96.39,0.21323529411764705,-171.64,-0.2109694723160203,-0.03100278065173161,-4.639823257975163,0.681839989220485,5.531796188077525e-05
2026-05-18T16:57:38,3,10.6,0.279312442,1.6,0.278669115,1.597,3376.1698432507756,1e-05,-159.44,1e-05,-159.44,1e-06,0.0,1e-06,0.0,10.000000000000002,-159.44,-9.363049394154096,-3.5118806988037994,-0.09363049394154091,0.03511880698803798,1.655524451416432e-06
2026-05-18T16:57:39,3,10.6,0.279312442,1.6,0.279010498,1.597,5810.481772840162,0.007001,169.21,0.007001,169.21000000000004,0.000165,-100.36,0.000165,-100.36,42.43030303030303,-90.42999999999995,-0.31843286167160545,-42.42910811878975,-0.0001768746578964133,0.023567397987649508,6.455347477520754e-07
2026-05-18T16:57:40,3,10.6,0.279312442,1.6,0.27886452,1.597,10000.0,0.003609,157.36,0.003609,157.36,0.000497,-106.06,0.000497,-106.06,7.261569416498993,-96.57999999999998,-0.8321060786256579,-7.213736193162858,-0.01578038911643378,0.13680414917702238,2.1773056577004158e-06
2026-05-18T16:57:42,4,10.7,0.377656613,1.595,0.368209173,1.597,5.000000000000001,5e-06,-122.01,5e-06,-122.01,0.001155,-129.72,0.001155,-129.72,0.004329004329004329,7.7099999999999795,0.004289869262426582,0.0005807755089755716,228.91171371234483,-30.990761934445477,-0.986466590410229
2026-05-18T16:57:43,4,10.7,0.377656613,1.595,0.381641241,1.597,8.60513842995157,0.007139,-179.29,0.007139,-179.29,3.4e-05,-146.77,3.4e-05,-146.77,209.97058823529414,-32.51999999999998,177.04800659984016,-112.87892311188304,0.004015818827657637,0.002560329897997439,4.735416664465606e-05
2026-05-18T16:57:44,4,10.7,0.377656613,1.595,0.370632765,1.596,14.809681479725866,0.006941,-178.28,0.006941,-178.28,0.000138,-157.4,0.000138,-157.4,50.29710144927537,-20.879999999999995,46.994037605734384,-17.926484421367196,0.018576198538973125,0.007086131575050942,7.615240537838976e-05
2026-05-18T16:57:45,4,10.7,0.377656613,1.595,0.375575302,1.596,25.487871847306213,0.006925,-178.73,0.006925,-178.73,0.000174,-161.1,0.000174,-161.1,39.798850574712645,-17.629999999999995,37.92958678271538,-12.053835636873755,0.02394622464900605,0.0076099921071196485,4.7519379726730986e-05
2026-05-18T16:57:46,4,10.7,0.377656613,1.595,0.376593569,1.596,43.86533310618707,0.006929,-179.04,0.006929,-179.04,0.000158,-169.68,0.000158,-169.68,43.85443037974684,-9.359999999999985,43.27055004693872,-7.132360238198398,0.022499116638020372,0.0037085686391674947,1.3455660516478314e-05
2026-05-18T16:57:47,4,10.7,0.377656613,1.595,0.377271358,1.596,75.49345273093543,0.006921,-179.28,0.006921,-179.28,0.000182,-172.43,0.000182,-172.43,38.027472527472526,-6.849999999999994,37.7560249398866,-4.535553722131292,0.026109066342877137,0.0031364285096577463,6.612203878732193e-06
2026-05-18T16:57:49,4,10.7,0.377656613,1.595,0.376534064,1.597,129.92632226094094,0.006925,-179.52,0.006925,-179.52,0.000181,-168.88,0.000181,-168.88,38.25966850828729,-10.640000000000015,37.60185806594343,-7.064170464582173,0.02568779933737435,0.004825904960892004,5.91155522646978e-06
2026-05-18T16:57:50,4,10.7,0.377656613,1.595,0.376819077,1.596,223.60679774997897,0.006922,-179.96,0.006922,-179.96,0.000182,-162.11,0.000182,-162.11,38.032967032967036,-17.849999999999994,36.20214598314614,-11.65809622304316,0.025027294345139367,0.008059483706128695,5.736438621303456e-06
2026-05-18T16:57:51,4,10.7,0.377656613,1.595,0.377537989,1.596,384.8334897033504,0.006924,179.53,0.006924,179.52999999999997,0.000203,-152.3,0.000203,-152.3,34.10837438423645,-28.170000000000016,30.06826330104429,-16.10219690583587,0.02584558115604091,0.013840860469845558,5.724141529676115e-06
2026-05-18T16:57:52,4,10.7,0.377656613,1.595,0.377549436,1.597,662.3090902757342,0.006911,-178.69,0.006911,-178.69,0.000232,-137.44,0.000232,-137.44,29.788793103448274,-41.25,22.396400471927638,-19.64111606964041,0.02523901538635838,0.02213402244294834,5.318874727863968e-06
2026-05-18T16:57:53,4,10.7,0.377656613,1.595,0.377588789,1.595,1139.8522810475968,0.005623,-175.0,0.005623,-175.0,0.000314,-118.35,0.000314,-118.35,17.907643312101914,-56.650000000000006,9.844762517877243,-14.95875462597297,0.03069929296615319,0.04664644676168,6.513135695944009e-06
2026-05-18T16:57:54,4,10.7,0.377656613,1.595,0.377482296,1.597,1961.717333622126,0.006881,-178.74,0.006881,-178.74,0.000326,-107.73,0.000326,-107.73,21.107361963190183,-71.01,6.86840155127468,-19.958601884289774,0.015416570102126416,0.0447983687023194,3.6345102830195904e-06
2026-05-18T16:57:55,4,10.7,0.377656613,1.595,0.377595182,1.595,3376.1698432507756,0.006748,170.26,0.006748,170.26,0.000162,-108.76,0.000162,-108.76,41.654320987654316,-80.98000000000002,6.5305321112456385,-41.139210095558816,0.0037638165754689036,0.02371023344219152,1.1177165336427801e-06
2026-05-18T16:57:56,4,10.7,0.377656613,1.595,0.377404854,1.596,5810.481772840162,0.002791,160.03,0.002791,160.02999999999997,0.000483,-112.5,0.000483,-112.5,5.778467908902692,-87.47000000000003,0.2550759144299297,-5.7728353217544655,0.007639132462734207,0.1728875648921666,4.735564386472444e-06
2026-05-18T16:57:57,4,10.7,0.377656613,1.595,0.377579636,1.597,10000.0,0.00636,151.5,0.00636,151.5,0.001396,-123.56,0.001396,-123.56,4.555873925501433,-84.94,0.40182310255822146,-4.538119149968885,0.019359382822947642,0.21864145033240784,3.479786758518383e-06
2026-05-18T16:58:00,5,10.8,0.46809466,1.591,0.473029021,1.588,5.000000000000001,4.2e-05,-27.23,4.2e-05,-27.22999999999999,0.002601,178.17,0.002601,178.16999999999996,0.016147635524798153,154.60000000000002,-0.014586729065843382,0.006926288197974668,-55.94226420803442,-26.563340047180514,-0.8455373747079357
2026-05-18T16:58:01,5,10.8,0.46809466,1.591,0.477203039,1.588,8.60513842995157,0.005838,-179.42,0.005838,-179.42,0.000194,-174.66,0.000194,-174.66,30.092783505154642,-4.759999999999991,29.988994534869615,-2.4971635660620444,0.03311594736292459,0.002757542841730465,5.1001686680773775e-05
2026-05-18T16:58:02,5,10.8,0.46809466,1.591,0.467979326,1.588,14.809681479725866,0.005868,-178.5,0.005868,-178.5,0.001035,-168.65,0.001035,-168.65,5.6695652173913045,-9.849999999999994,5.585990085526999,-0.9698889207777289,0.1737803428833757,0.030173277544519605,0.0003242626302981685
2026-05-18T16:58:03,5,10.8,0.46809466,1.591,0.472879513,1.59,25.487871847306213,0.00585,-179.36,0.00585,-179.36,0.001161,-171.06,0.001161,-171.06,5.038759689922481,-8.300000000000011,4.985982658099458,-0.727376206594052,0.19638281044599548,0.028649153737116257,0.0001788950627175883
2026-05-18T16:58:04,5,10.8,0.46809466,1.591,0.468639403,1.589,43.86533310618707,0.005847,179.97,0.005847,179.97000000000003,0.001119,-173.75,0.001119,-173.75,5.225201072386059,-6.279999999999973,5.193845682652928,-0.5715708806893239,0.1902317605828617,0.020934571717172962,7.595612148286454e-05
2026-05-18T16:58:05,5,10.8,0.46809466,1.591,0.469310976,1.588,75.49345273093543,0.005849,179.07,0.005849,179.07,0.001146,-170.42,0.001146,-170.42,5.103839441535777,-10.509999999999991,5.0182127686508355,-0.9309767201847452,0.1926438121245229,0.03573919892276561,7.534521160365276e-05
2026-05-18T16:58:06,5,10.8,0.46809466,1.591,0.470966542,1.589,129.92632226094094,0.005849,177.66,0.005849,177.65999999999997,0.001183,-167.79,0.001183,-167.79,4.9442096365173285,-14.550000000000068,4.785642771823627,-1.242107962426408,0.19577017261585536,0.05081191844143524,6.22427222383389e-05
2026-05-18T16:58:07,5,10.8,0.46809466,1.591,0.470360404,1.591,223.60679774997897,0.00581,175.16,0.00581,175.15999999999997,0.001246,-160.15,0.001246,-160.15,4.662921348314607,-24.690000000000055,4.236642185724291,-1.947741895300662,0.1948523312708498,0.08958085964683724,6.376030050373004e-05
2026-05-18T16:58:09,5,10.8,0.46809466,1.591,0.470219696,1.591,384.8334897033504,0.005752,171.21,0.005752,171.21000000000004,0.001393,-152.15,0.001393,-152.15,4.12921751615219,-36.639999999999986,3.3132884132310867,-2.4642559092851317,0.19432278221198768,0.1445274315578334,5.977196829344584e-05
2026-05-18T16:58:10,5,10.8,0.46809466,1.591,0.470018991,1.586,662.3090902757342,0.005582,170.2,0.005582,170.2,0.001795,-139.85,0.001795,-139.85,3.1097493036211703,-49.950000000000045,2.000986427266825,-2.380460890093828,0.20691567130009525,0.24615592408099138,5.915203741584289e-05
2026-05-18T16:58:11,5,10.8,0.46809466,1.591,0.47009161,1.586,1139.8522810475968,0.00515,159.39,0.00515,159.39,0.002453,-131.69,0.002453,-131.69,2.099470036689768,-68.92000000000002,0.7551187478488589,-1.958971697499815,0.17131519749740345,0.44443555957926895,6.205551137542494e-05
2026-05-18T16:58:12,5,10.8,0.46809466,1.591,0.469867487,1.593,1961.717333622126,0.003964,141.56,0.003964,141.56,0.002873,-133.01,0.002873,-133.01,1.379742429516185,-85.43,0.10993373915555772,-1.3753558611510341,0.05774773570372026,0.7224687105013949,5.8614186934473656e-05
2026-05-18T16:58:13,5,10.8,0.46809466,1.591,0.469826269,1.595,3376.1698432507756,0.000622,118.0,0.000622,118.0,0.000456,-141.4,0.000456,-141.4,1.3640350877192984,-100.60000000000002,-0.2509160966691057,-1.3407583051996113,-0.1348582248864961,0.7206085517880976,3.396997733411984e-05
2026-05-18T16:58:14,5,10.8,0.46809466,1.591,0.469851277,1.595,5810.481772840162,0.002198,120.05,0.002198,120.05000000000001,0.002866,-164.82,0.002866,-164.82,0.7669225401256106,-75.13,0.19681285017025943,-0.7412387500398085,0.33461888414008256,1.2602453711998056,3.4519388955434056e-05
2026-05-18T16:58:15,5,10.8,0.46809466,1.591,0.469953257,1.586,10000.0,0.001415,114.86,0.001415,114.86000000000001,0.003425,-173.74,0.003425,-173.74,0.4131386861313869,-71.39999999999998,0.13177442997277947,-0.39155979566819377,0.7720393175589336,2.294068412920728,3.6511232770731316e-05
2026-05-18T16:58:17,6,10.9,0.531787811,1.553,0.53458514,1.555,5.000000000000001,8e-06,-82.41,8e-06,-82.41,0.002718,168.35,0.002718,168.35000000000002,0.0029433406916850625,109.24000000000001,-0.0009699068892531875,0.0027789449533066157,-111.956412845676,-320.7737896442422,-10.210546847240192
2026-05-18T16:58:18,6,10.9,0.531787811,1.553,0.530605257,1.558,8.60513842995157,0.002844,-176.09,0.002844,-176.09,0.000525,-173.77,0.000525,-173.77,5.417142857142858,-2.319999999999993,5.41270256383276,-0.21928905620697856,0.1844478449159882,0.007472679932812936,0.00013820974050936734
2026-05-18T16:58:20,6,10.9,0.531787811,1.553,0.535376864,1.558,14.809681479725866,0.002964,-179.76,0.002964,-179.76,0.003474,-168.07,0.003474,-168.07,0.853195164075993,-11.689999999999998,0.8354983510378388,-0.17287132039674166,1.1477540309637766,0.2374795289265686,0.0025521170704137087
2026-05-18T16:58:21,6,10.9,0.531787811,1.553,0.5314852,1.548,25.487871847306213,0.002952,178.76,0.002952,178.76,0.00379,-174.27,0.00379,-174.27,0.778891820580475,-6.970000000000027,0.7731356746715912,-0.09451823484000542,1.2743872768898354,0.1557977983170339,0.0009728544569565849
2026-05-18T16:58:22,6,10.9,0.531787811,1.553,0.532475118,1.547,43.86533310618707,0.002951,176.5,0.002951,176.5,0.00371,-174.63,0.00371,-174.63,0.7954177897574124,-8.870000000000005,0.7859051788227842,-0.12264791136458317,1.242165751420345,0.19385167458563968,0.0007033447611639009
2026-05-18T16:58:23,6,10.9,0.531787811,1.553,0.532837131,1.558,75.49345273093543,0.002926,173.23,0.002926,173.23000000000002,0.003695,-173.55,0.003695,-173.55,0.7918809201623817,-13.220000000000027,0.770895390064868,-0.18109580142553083,1.2293504102494002,0.28879430418981583,0.000608834798064006
2026-05-18T16:58:24,6,10.9,0.531787811,1.553,0.531912894,1.548,129.92632226094094,0.002878,167.8,0.002878,167.8,0.003898,-171.85,0.003898,-171.85,0.7383273473576193,-20.350000000000023,0.692245250705279,-0.25675627496153636,1.2698782219209268,0.4710024396454988,0.000576960581762413
2026-05-18T16:58:25,6,10.9,0.531787811,1.553,0.531888406,1.555,223.60679774997897,0.002731,159.0,0.002731,159.0,0.004059,-169.66,0.004059,-169.66,0.6728258191672826,-31.340000000000032,0.5746577931943879,-0.34994714409333433,1.2694161027169464,0.7730314372707344,0.0005502148219332539
2026-05-18T16:58:26,6,10.9,0.531787811,1.553,0.532218544,1.549,384.8334897033504,0.002405,146.61,0.002405,146.61,0.004426,-165.5,0.004426,-165.5,0.5433800271125169,-47.889999999999986,0.36436679612426487,-0.40311126472344827,1.2340462926548867,1.3652669975716976,0.0005646311901577588
2026-05-18T16:58:27,6,10.9,0.531787811,1.553,0.532354582,1.547,662.3090902757342,0.001863,139.38,0.001863,139.38,0.005004,-166.16,0.005004,-166.16,0.3723021582733813,-54.460000000000036,0.21640851262321933,-0.30294595676328767,1.5612887572240086,2.1856169639892578,0.0005252105831426425
2026-05-18T16:58:28,6,10.9,0.531787811,1.553,0.532454683,1.562,1139.8522810475968,0.001263,127.97,0.001263,127.97000000000003,0.005523,-165.35,0.005523,-165.35,0.22868006518196632,-66.67999999999995,0.09052668022893826,-0.20999879137355987,1.7310913236385266,4.0156900131762425,0.0005607015278632142
2026-05-18T16:58:30,6,10.9,0.531787811,1.553,0.532503613,1.56,1961.717333622126,0.00034,98.25,0.00034,98.25,0.002902,-163.78,0.002902,-163.78,0.1171605789110958,-97.97000000000003,-0.016244850715950034,-0.11602890189948194,-1.1834576104571597,8.45285003764952,0.0006857832388229151
2026-05-18T16:58:31,6,10.9,0.531787811,1.553,0.532537192,1.561,3376.1698432507756,1e-05,143.13,1e-05,143.13,4.3e-05,-178.33,4.3e-05,-178.33,0.23255813953488372,-38.539999999999964,0.18190078348111993,-0.14489787173344254,3.3633454865659083,2.679161648351353,0.00012629750263594064
2026-05-18T16:58:32,6,10.9,0.531787811,1.553,0.532454443,1.546,5810.481772840162,0.000277,116.42,0.000277,116.42000000000002,0.002141,177.03,0.002141,177.02999999999997,0.1293787949556282,-60.60999999999996,0.06349286235796997,-0.11272767634331139,3.79313851866066,6.734484403084292,0.0001844643049972479
2026-05-18T16:58:33,6,10.9,0.531787811,1.553,0.532437743,1.549,10000.0,0.000142,135.68,0.000142,135.68,0.003232,173.33,0.003232,173.33000000000004,0.04393564356435644,-37.650000000000034,0.034786348492846404,-0.026837487474583352,18.020832868425842,13.902979109388122,0.00022127278489624764
2026-05-18T16:58:35,7,11.0,0.562279149,1.484,0.562726661,1.481,5.000000000000001,3e-06,-180.0,3e-06,-180.0,0.002724,167.54,0.002724,167.53999999999996,0.0011013215859030838,12.460000000000036,0.0010753820182225228,0.00023761891856444655,886.613760271814,-195.90824407531784,-6.2359530874080695
2026-05-18T16:58:36,7,11.0,0.562279149,1.484,0.563894883,1.491,8.60513842995157,0.001528,-178.58,0.001528,-178.58,0.001635,-141.55,0.001635,-141.55,0.9345565749235475,-37.03,0.7460754768276262,-0.5628209081131069,0.8542236097825455,0.6444051878420702,0.011918491705159476
2026-05-18T16:58:37,7,11.0,0.562279149,1.484,0.564137398,1.495,14.809681479725866,0.001529,179.8,0.001529,179.8,0.004972,-168.69,0.004972,-168.69,0.3075221238938053,-11.509999999999991,0.30133782120878083,-0.06136264493404562,3.1864045455327767,0.648860504663592,0.006973097756064909
2026-05-18T16:58:38,7,11.0,0.562279149,1.484,0.56311854,1.481,25.487871847306213,0.001525,177.83,0.001525,177.83000000000004,0.005076,-174.99,0.005076,-174.99,0.3004334121355398,-7.17999999999995,0.29807753061346565,-0.037550244616800545,3.302423599857973,0.4160220119502021,0.002597782978256307
2026-05-18T16:58:40,7,11.0,0.562279149,1.484,0.562763545,1.48,43.86533310618707,0.001519,174.72,0.001519,174.72000000000003,0.004973,-176.61,0.004973,-176.61,0.30544942690528853,-8.669999999999959,0.30195904142399344,-0.04604443179226162,3.236453776655043,0.4935128766644693,0.0017905942629117444
2026-05-18T16:58:41,7,11.0,0.562279149,1.484,0.562698235,1.492,75.49345273093543,0.0015,170.31,0.0015,170.31,0.004956,-174.91,0.004956,-174.91,0.3026634382566586,-14.779999999999973,0.2926490608629312,-0.07721194229772081,3.1946788903890764,0.8428776822899164,0.0017769507779223557
2026-05-18T16:58:42,7,11.0,0.562279149,1.484,0.562623205,1.483,129.92632226094094,0.001444,162.97,0.001444,162.97000000000003,0.005054,-174.88,0.005054,-174.88,0.2857142857142857,-22.149999999999977,0.264628560146199,-0.10772361958351577,3.2416998617909383,1.3196143398980682,0.0016164787974827812
2026-05-18T16:58:43,7,11.0,0.562279149,1.484,0.562663122,1.495,223.60679774997897,0.001325,151.95,0.001325,151.95,0.005163,-174.55,0.005163,-174.55,0.2566337400736006,-33.5,0.21400323731144644,-0.14164565282558145,3.2493226410058784,2.150679739748042,0.001530773281638859
2026-05-18T16:58:44,7,11.0,0.562279149,1.484,0.562682107,1.484,384.8334897033504,0.001074,138.08,0.001074,138.08000000000004,0.005486,-173.84,0.005486,-173.84,0.1957710535909588,-48.07999999999993,0.13079313905077575,-0.14566900906287003,3.412620590569201,3.800757924639881,0.001571873101970481
2026-05-18T16:58:45,7,11.0,0.562279149,1.484,0.562787841,1.491,662.3090902757342,0.00076,129.0,0.00076,129.0,0.005641,-173.03,0.005641,-173.03,0.13472788512675057,-57.97000000000003,0.07145471612716173,-0.11421832853755842,3.936551279036001,6.292465097667159,0.0015120990172579648
2026-05-18T16:58:46,7,11.0,0.562279149,1.484,0.562749486,1.496,1139.8522810475968,0.00048,122.73,0.00048,122.73000000000002,0.005958,-169.51,0.005958,-169.51,0.08056394763343404,-67.75999999999999,0.030492412833397643,-0.0745705197640485,4.697970809681079,11.489091631690666,0.0016041953463818567
2026-05-18T16:58:47,7,11.0,0.562279149,1.484,0.562877224,1.496,1961.717333622126,3e-05,177.09,3e-05,177.09000000000003,0.003902,-170.97,0.003902,-170.97,0.007688364941055869,-11.93999999999994,0.0075220255431428535,-0.001590624781387325,127.25264688642,26.909136704433312,0.0021831494514749855
2026-05-18T16:58:48,7,11.0,0.562279149,1.484,0.562873216,1.482,3376.1698432507756,0.000172,121.7,0.000172,121.69999999999999,0.002292,178.0,0.002292,178.0,0.075043630017452,-56.30000000000001,0.04163753993065263,-0.06243285733265401,7.393624579714036,11.086272371645736,0.0005226144211724925
2026-05-18T16:58:50,7,11.0,0.562279149,1.484,0.562948597,1.489,5810.481772840162,6.5e-05,131.74,6.5e-05,131.74,0.003263,176.25,0.003263,176.25,0.0199203187250996,-44.50999999999999,0.014205739174246605,-0.01396481552412452,35.79903094866842,35.19189371341476,0.0009639413839029746
2026-05-18T16:58:51,7,11.0,0.562279149,1.484,0.562950285,1.492,10000.0,8.9e-05,163.4,8.9e-05,163.39999999999998,0.002522,172.51,0.002522,172.51,0.03528945281522601,-9.110000000000014,0.034844318289070746,-0.005587393217592008,27.979640066726656,4.4866210279260805,7.140679143744763e-05
2026-05-18T16:58:53,8,11.1,0.580211025,1.405,0.579355649,1.407,5.000000000000001,4e-06,-180.0,4e-06,-180.0,0.002783,167.16,0.002783,167.15999999999997,0.001437297879985627,12.840000000000032,0.001401357451168811,0.0003194095957619791,678.3523862572249,-154.61598416440944,-4.921579632156794
2026-05-18T16:58:54,8,11.1,0.580211025,1.405,0.581015017,1.402,8.60513842995157,0.000948,-176.06,0.000948,-176.06,0.001789,-175.08,0.001789,-175.08,0.5299049748462829,-0.9799999999999898,0.529827463674979,-0.009063172875899235,1.886854764047459,0.0322763391683423,0.000596961799669868
2026-05-18T16:58:55,8,11.1,0.580211025,1.405,0.579094041,1.402,14.809681479725866,0.000973,179.71,0.000973,179.71000000000004,0.00515,-171.85,0.00515,-171.85,0.18893203883495147,-8.43999999999994,0.18688592501312015,-0.0277302421612585,5.235586895680263,0.7768594262159272,0.00834866151166453
2026-05-18T16:58:56,8,11.1,0.580211025,1.405,0.579914921,1.414,25.487871847306213,0.00097,177.43,0.00097,177.43,0.005641,-174.3,0.005641,-174.3,0.1719553270696685,-8.269999999999982,0.1701672045752437,-0.024733721812210757,5.754990293220836,0.8364850871223964,0.005223297466173292
2026-05-18T16:58:57,8,11.1,0.580211025,1.405,0.580147523,1.417,43.86533310618707,0.000965,174.68,0.000965,174.68,0.005464,-176.02,0.005464,-176.02,0.17661054172767204,-9.299999999999955,0.17428912268165617,-0.028540938390326273,5.587750916525176,0.9150293041541564,0.003319966509259917
2026-05-18T16:58:58,8,11.1,0.580211025,1.405,0.580352746,1.411,75.49345273093543,0.000954,169.56,0.000954,169.56,0.005562,-176.5,0.005562,-176.5,0.1715210355987055,-13.940000000000055,0.16646948968860248,-0.041320390313605106,5.6584810768805465,1.4045255206597826,0.002961014117455011
2026-05-18T16:58:59,8,11.1,0.580211025,1.405,0.580409212,1.417,129.92632226094094,0.000916,161.87,0.000916,161.87,0.005647,-177.0,0.005647,-177.0,0.16221002302107315,-21.129999999999995,0.1513038180205334,-0.05847432103843874,5.750353126685158,2.222336483065787,0.002722280061025847
2026-05-18T16:59:01,8,11.1,0.580211025,1.405,0.58032966,1.407,223.60679774997897,0.000821,150.47,0.000821,150.47000000000003,0.005698,-176.26,0.005698,-176.26,0.1440856440856441,-33.26999999999998,0.12046924544953581,-0.0790432396375199,5.8027620986500095,3.8073544281909335,0.002709932271499831
2026-05-18T16:59:02,8,11.1,0.580211025,1.405,0.580259083,1.418,384.8334897033504,0.000658,136.91,0.000658,136.90999999999997,0.005714,-176.26,0.005714,-176.26,0.11515575778788938,-46.83000000000004,0.07878557645592656,-0.0839861982364388,5.941216819477846,6.3333954768416945,0.00261929178116026
2026-05-18T16:59:03,8,11.1,0.580211025,1.405,0.580386243,1.41,662.3090902757342,0.000453,126.84,0.000453,126.84000000000003,0.005991,-174.39,0.005991,-174.39,0.0756134201301953,-58.76999999999998,0.03920365333465963,-0.06465649904689594,6.856915149840033,11.308745235187596,0.0027175268024748223
2026-05-18T16:59:04,8,11.1,0.580211025,1.405,0.580508717,1.417,1139.8522810475968,0.000283,130.77,0.000283,130.76999999999998,0.005967,-169.74,0.005967,-169.74,0.04742751801575331,-59.49000000000001,0.02407841676255438,-0.040860730675592975,10.704518370935343,18.16541537925955,0.002536395021528206
2026-05-18T16:59:05,8,11.1,0.580211025,1.405,0.580420288,1.418,1961.717333622126,1.4e-05,-159.68,1.4e-05,-159.68,0.004834,-169.01,0.004834,-169.01,0.0028961522548613984,9.329999999999984,0.00285783895697243,0.0004695256961546381,340.7179176838512,-55.97789795067596,-0.004541510140145337
2026-05-18T16:59:06,8,11.1,0.580211025,1.405,0.580594018,1.417,3376.1698432507756,7.3e-05,171.55,7.3e-05,171.55,0.00078,-179.46,0.00078,-179.46,0.09358974358974359,-8.990000000000009,0.0924400524124352,-0.014624527861787005,10.553673838942686,1.6696496061383395,7.870841823303815e-05
2026-05-18T16:59:07,8,11.1,0.580211025,1.405,0.580553358,1.415,5810.481772840162,1.1e-05,68.63,1.1e-05,68.63,0.002377,177.8,0.002377,177.8,0.0046276819520403864,-109.17000000000002,-0.0015196017673818156,-0.004371069745246624,-70.95823152343183,204.108329988765,0.005590732561245967
2026-05-18T16:59:08,8,11.1,0.580211025,1.405,0.580551774,1.405,10000.0,8e-05,179.64,8e-05,179.64,0.003109,169.61,0.003109,169.61,0.02573174654229656,10.029999999999973,0.025338480438670593,0.004481538706303745,38.26855260015902,-6.768440598754054,-0.00010772307783155755
2026-05-18T16:59:10,9,11.2,0.592301522,1.329,0.593269233,1.318,5.000000000000001,1e-06,0.0,1e-06,0.0,0.002749,166.89,0.002749,166.89,0.000363768643142961,-166.89,-0.0003542875206726311,-8.251047466662001e-05,-2677.351148010594,623.5317395661222,19.84763170532733
2026-05-18T16:59:12,9,11.2,0.592301522,1.329,0.593060916,1.331,8.60513842995157,0.000783,179.53,0.000783,179.52999999999997,0.001047,-174.38,0.001047,-174.38,0.7478510028653295,-6.090000000000032,0.7436304874589325,-0.07933990552218644,1.329618429015802,0.14186051045210482,0.0026237580780114236
2026-05-18T16:59:13,9,11.2,0.592301522,1.329,0.59289758,1.326,14.809681479725866,0.00071,179.56,0.00071,179.56,0.005415,-167.84,0.005415,-167.84,0.1311172668513389,-12.600000000000023,0.1279595384998173,-0.028602345594006557,7.44308347309622,1.6637262706510982,0.01787953780697167
2026-05-18T16:59:14,9,11.2,0.592301522,1.329,0.593011945,1.33,25.487871847306213,0.000707,177.65,0.000707,177.64999999999998,0.005851,-174.71,0.005851,-174.71,0.12083404546231412,-7.639999999999986,0.11976139757192016,-0.016064687809262613,8.202348622319997,1.100255780174705,0.0068703714115206285
2026-05-18T16:59:15,9,11.2,0.592301522,1.329,0.592353768,1.32,43.86533310618707,0.000702,174.5,0.000702,174.5,0.00569,-177.98,0.00569,-177.98,0.1233743409490334,-7.519999999999982,0.12231322769644898,-0.0161462792953971,8.035700382348764,1.0607737621766582,0.0038487656606622047
2026-05-18T16:59:16,9,11.2,0.592301522,1.329,0.592295304,1.321,75.49345273093543,0.000695,169.64,0.000695,169.64,0.005692,-176.09,0.005692,-176.09,0.12210119465917076,-14.269999999999982,0.1183337533785939,-0.030096919253153245,7.93722722907221,2.0187484989428985,0.004255916120451166
2026-05-18T16:59:17,9,11.2,0.592301522,1.329,0.59238205,1.332,129.92632226094094,0.000664,161.95,0.000664,161.95,0.005719,-177.26,0.005719,-177.26,0.11610421402343067,-20.789999999999964,0.10854439464409174,-0.041210470821700936,8.05214218861799,3.0571138362720696,0.0037448514678968753
2026-05-18T16:59:18,9,11.2,0.592301522,1.329,0.592467649,1.333,223.60679774997897,0.000596,150.64,0.000596,150.64,0.005823,-177.27,0.005823,-177.27,0.10235273913790141,-32.09000000000003,0.08671474057986668,-0.05437496643858937,8.277400899709447,5.190390850629499,0.0036943257931732975
2026-05-18T16:59:19,9,11.2,0.592301522,1.329,0.592543629,1.325,384.8334897033504,0.000472,137.62,0.000472,137.62,0.005813,-176.68,0.005813,-176.68,0.08119731635988302,-45.69999999999999,0.056709446881719396,-0.058112329315011736,8.601457741971268,8.814241230974186,0.0036452910129919002
2026-05-18T16:59:20,9,11.2,0.592301522,1.329,0.592546232,1.329,662.3090902757342,0.000327,134.38,0.000327,134.38,0.006014,-177.97,0.006014,-177.97,0.05437312936481543,-47.64999999999998,0.03662887765339198,-0.04018410778872408,12.389533486967066,13.592072184231588,0.0032662174002197437
2026-05-18T16:59:22,9,11.2,0.592301522,1.329,0.592547956,1.318,1139.8522810475968,0.000205,128.88,0.000205,128.88,0.005963,-172.89,0.005963,-172.89,0.03437866845547543,-58.23000000000002,0.018100737498653464,-0.0292276606449497,15.315041104384497,24.729535147156568,0.0034529279139727236
2026-05-18T16:59:23,9,11.2,0.592301522,1.329,0.592589765,1.333,1961.717333622126,6.6e-05,137.33,6.6e-05,137.33000000000004,0.002468,-174.49,0.002468,-174.49,0.02674230145867099,-48.17999999999995,0.01783157005272732,-0.01992952073586103,24.934003936832724,27.867582440456193,0.0022609085526252713
2026-05-18T16:59:24,9,11.2,0.592301522,1.329,0.592654285,1.33,3376.1698432507756,1.5e-05,171.12,1.5e-05,171.12,0.000213,178.64,0.000213,178.64,0.07042253521126761,-7.519999999999982,0.06981684779832216,-0.009216356605955768,14.077869190053677,1.858386146024921,8.760558711364382e-05
2026-05-18T16:59:25,9,11.2,0.592301522,1.329,0.592681529,1.319,5810.481772840162,7e-05,167.74,7e-05,167.74,0.003366,174.46,0.003366,174.46000000000004,0.0207961972667855,-6.720000000000027,0.020653324547928835,-0.002433517182387835,47.75535885341912,5.626865837081255,0.00015412551783096907
2026-05-18T16:59:26,9,11.2,0.592301522,1.329,0.592658016,1.321,10000.0,7.7e-05,-174.07,7.7e-05,-174.07,0.003756,171.13,0.003756,171.13,0.020500532481363153,14.800000000000011,0.01982039428182731,0.005236774057789107,47.16089152725129,-12.460445023465324,-0.00019831414186093142
2026-05-18T16:59:28,10,11.3,0.601540812,1.245,0.601339569,1.237,5.000000000000001,2.7e-05,-171.77,2.7e-05,-171.77,0.002707,167.09,0.002707,167.09000000000003,0.009974141115626153,21.139999999999986,0.009302901190352873,0.0035971544916718855,93.51200985572856,-36.158305822556024,-1.1509546210976502
2026-05-18T16:59:29,10,11.3,0.601540812,1.245,0.602013266,1.232,8.60513842995157,0.000533,-172.86,0.000533,-172.86,0.001575,-141.85,0.001575,-141.85,0.33841269841269844,-31.01000000000002,0.29004587451344593,-0.1743460499256991,2.5326395864145272,1.522365069034483,0.028156656386135105
2026-05-18T16:59:30,10,11.3,0.601540812,1.245,0.601148922,1.233,14.809681479725866,0.000557,179.9,0.000557,179.89999999999998,0.005576,-168.78,0.005576,-168.78,0.09989239598278335,-11.32000000000005,0.09794910935954523,-0.019607721715004016,9.816024443612983,1.964998731448742,0.021117217254638755
2026-05-18T16:59:32,10,11.3,0.601540812,1.245,0.601267423,1.246,25.487871847306213,0.00056,177.38,0.00056,177.38,0.006027,-174.57,0.006027,-174.57,0.09291521486643436,-8.049999999999955,0.09199965066190766,-0.013011588364324327,10.65644891067751,1.5071505777858245,0.009411160958256769
2026-05-18T16:59:33,10,11.3,0.601540812,1.245,0.601693866,1.246,43.86533310618707,0.000556,174.98,0.000556,174.98000000000002,0.005839,-176.27,0.005839,-176.27,0.09522178455214934,-8.75,0.094113546809398,-0.014485460305119657,10.379573488527438,1.5975691582066973,0.005796400265427173
2026-05-18T16:59:34,10,11.3,0.601540812,1.245,0.601866214,1.25,75.49345273093543,0.000546,169.98,0.000546,169.98000000000002,0.005958,-177.47,0.005958,-177.47,0.09164149043303123,-12.549999999999955,0.08945187796021442,-0.019912917872031175,10.651362735272487,2.3711040640983536,0.004998750470872247
2026-05-18T16:59:35,10,11.3,0.601540812,1.245,0.6018177,1.241,129.92632226094094,0.000523,162.61,0.000523,162.61,0.005998,-177.94,0.005998,-177.94,0.08719573191063688,-19.450000000000045,0.08221968368670984,-0.02903479426290185,10.813974639587787,3.818812171803845,0.004677903778892638
2026-05-18T16:59:36,10,11.3,0.601540812,1.245,0.601778145,1.236,223.60679774997897,0.000469,151.58,0.000469,151.58000000000004,0.005983,-178.26,0.005983,-178.26,0.07838876817650009,-30.159999999999968,0.06777694868944745,-0.039383806349527484,11.029970052989537,6.409291256212331,0.004561893446023163
2026-05-18T16:59:37,10,11.3,0.601540812,1.245,0.601810121,1.236,384.8334897033504,0.000372,139.08,0.000372,139.08000000000004,0.006073,-178.4,0.006073,-178.4,0.06125473406882924,-42.51999999999998,0.045147279023689944,-0.041398860402190735,12.032400068848332,11.033392521666297,0.004563061702997765
2026-05-18T16:59:38,10,11.3,0.601540812,1.245,0.601856882,1.238,662.3090902757342,0.000258,133.35,0.000258,133.35000000000002,0.006044,-177.2,0.006044,-177.2,0.042686962276637985,-49.44999999999999,0.027751279968274815,-0.03243521556163213,15.229741018555996,17.80025762593333,0.004277457505976634
2026-05-18T16:59:39,10,11.3,0.601540812,1.245,0.601855587,1.24,1139.8522810475968,0.000163,130.77,0.000163,130.76999999999998,0.006035,-173.01,0.006035,-173.01,0.027009113504556752,-56.22000000000003,0.015017216018265079,-0.022449397216023254,20.585848299704036,30.77400531142145,0.00429690333167342
2026-05-18T16:59:40,10,11.3,0.601540812,1.245,0.601833995,1.235,1961.717333622126,0.00012,88.86,0.00012,88.86000000000001,0.005856,-172.03,0.005856,-172.03,0.020491803278688523,-99.11000000000001,-0.003244475431655702,-0.020233323522986832,-7.726523571962157,48.18444597058177,0.003909224139954325
2026-05-18T16:59:42,10,11.3,0.601540812,1.245,0.601892442,1.235,3376.1698432507756,7.2e-05,153.09,7.2e-05,153.09000000000003,0.002557,-176.52,0.002557,-176.52,0.0281579976535002,-30.389999999999986,0.024289144405499223,-0.014244658504271993,30.63435071761398,17.965880443846036,0.0008469238256340067
2026-05-18T16:59:43,10,11.3,0.601540812,1.245,0.601950625,1.248,5810.481772840162,6.8e-05,175.35,6.8e-05,175.35000000000002,0.001712,174.41,0.001712,174.40999999999997,0.0397196261682243,0.9400000000000546,0.039714280821783104,0.0006516147266896511,25.173082415423938,-0.4130290383872563,-1.1313281010034471e-05
2026-05-18T16:59:44,10,11.3,0.601540812,1.245,0.601969712,1.238,10000.0,9.9e-05,-115.9,9.9e-05,-115.9,0.00295,171.6,0.00295,171.60000000000002,0.0335593220338983,72.5,0.010091482763024757,0.03200609427934727,8.960425338763695,-28.418838431386565,-0.0004522998613285097
2026-05-18T16:59:46,11,11.4,0.60916313,1.15,0.609062958,1.162,5.000000000000001,2e-06,21.8,2e-06,21.80000000000001,0.002674,166.96,0.002674,166.96000000000004,0.0007479431563201195,-145.16000000000003,-0.0006138747762328489,-0.00042728997670337705,-1097.343519875778,763.8103163656792,24.312837486836447
2026-05-18T16:59:47,11,11.4,0.60916313,1.15,0.608568016,1.155,8.60513842995157,0.000453,172.82,0.000453,172.82,0.0023,-166.75,0.0023,-166.75,0.19695652173913045,-20.430000000000064,0.18456782832716248,-0.06875018692463057,4.757899565080915,1.7722833249579486,0.032778978981281175
2026-05-18T16:59:48,11,11.4,0.60916313,1.15,0.609164473,1.159,14.809681479725866,0.000464,179.45,0.000464,179.45,0.005842,-168.87,0.005842,-168.87,0.07942485450188291,-11.680000000000064,0.0777802466974013,-0.016079201980716145,12.329812163006872,2.548893177525778,0.027392145413241163
2026-05-18T16:59:49,11,11.4,0.60916313,1.15,0.608972239,1.145,25.487871847306213,0.000462,177.58,0.000462,177.58000000000004,0.006032,-175.28,0.006032,-175.28,0.07659151193633952,-7.139999999999986,0.07599757585421438,-0.009519882613633962,12.95503092800646,1.6228198374011662,0.01013343916735358
2026-05-18T16:59:50,11,11.4,0.60916313,1.15,0.609313903,1.159,43.86533310618707,0.00046,174.82,0.00046,174.82,0.005881,-176.19,0.005881,-176.19,0.07821799013773169,-8.990000000000009,0.07725713129018165,-0.012222505716829396,12.62772958979376,1.9977767039020877,0.007248458295076855
2026-05-18T16:59:51,11,11.4,0.60916313,1.15,0.609411736,1.158,75.49345273093543,0.000451,170.36,0.000451,170.36,0.005877,-177.5,0.005877,-177.5,0.07673983324825591,-12.139999999999986,0.07502367404529445,-0.0161384738967331,12.73962446548629,2.740442926939382,0.005777388929846872
2026-05-18T16:59:53,11,11.4,0.60916313,1.15,0.609347297,1.163,129.92632226094094,0.000432,163.2,0.000432,163.2,0.006029,-178.48,0.006029,-178.48,0.07165367390943772,-18.32000000000005,0.06802196589940714,-0.02252245856694889,13.248669104643408,4.386709455263594,0.005373556963391726
2026-05-18T16:59:54,11,11.4,0.60916313,1.15,0.609303118,1.145,223.60679774997897,0.000389,152.71,0.000389,152.71000000000004,0.006038,-178.73,0.006038,-178.73,0.06442530639284531,-28.559999999999945,0.05658583870414608,-0.03080037275684108,13.633104762388818,7.420667752404882,0.005281753353305526
2026-05-18T16:59:55,11,11.4,0.60916313,1.15,0.609375894,1.162,384.8334897033504,0.000311,140.74,0.000311,140.74,0.005928,-178.54,0.005928,-178.54,0.05246288798920378,-40.72000000000003,0.03976197245801219,-0.0342248471496371,14.446529609391325,12.4347520296241,0.005142619612347694
2026-05-18T16:59:56,11,11.4,0.60916313,1.15,0.60939855,1.153,662.3090902757342,0.000217,137.06,0.000217,137.06,0.006128,-177.07,0.006128,-177.07,0.035411227154046994,-45.870000000000005,0.024656437718204784,-0.025416826859460714,19.662936508868526,20.269329191275734,0.004870783115184696
2026-05-18T16:59:57,11,11.4,0.60916313,1.15,0.60943992,1.151,1139.8522810475968,0.000138,141.31,0.000138,141.31,0.006026,-171.34,0.006026,-171.34,0.022900763358778626,-47.35000000000002,0.015515681169964348,-0.016843651630415284,29.584956061973134,32.1171006255063,0.004484436630359901
2026-05-18T16:59:58,11,11.4,0.60916313,1.15,0.609455256,1.162,1961.717333622126,7e-06,60.26,7e-06,60.25999999999999,0.004197,-170.74,0.004197,-170.74,0.0016678579938050988,-129.0,-0.0010496170448770219,-0.0012961691041693583,-377.322525890881,465.9545143192725,0.037803083522215716
2026-05-18T16:59:59,11,11.4,0.60916313,1.15,0.609486281,1.15,3376.1698432507756,6.8e-05,159.98,6.8e-05,159.98000000000002,0.000913,174.33,0.000913,174.33000000000004,0.07447973713033955,-14.350000000000023,0.07215595556499006,-0.01845939650984449,13.007562224124825,3.3276774847133557,0.00015686898032291814
2026-05-18T17:00:00,11,11.4,0.60916313,1.15,0.609491393,1.148,5810.481772840162,4.8e-05,-155.47,4.8e-05,-155.47,0.000698,173.26,0.000698,173.26,0.06876790830945559,31.269999999999982,0.05877804464622747,0.035695471432995264,12.429209402699918,-7.548166868073362,-0.00020675188655641145
2026-05-18T17:00:02,11,11.4,0.60916313,1.15,0.609498078,1.15,10000.0,7.4e-05,-167.27,7.4e-05,-167.27,0.0024,171.91,0.0024,171.90999999999997,0.030833333333333334,20.82000000000005,0.028819967965066282,0.010959192075011635,30.31464855346636,-11.527565075249637,-0.0001834668963539476
2026-05-18T17:00:04,12,11.5,0.615502641,1.062,0.615954485,1.057,5.000000000000001,4e-06,-180.0,4e-06,-180.0,0.002742,166.97,0.002742,166.97000000000003,0.001458789204959883,13.029999999999973,0.0014212285151414346,0.0003289003682824954,667.8498468572404,-154.5536542847195,-4.919595610465799
2026-05-18T17:00:05,12,11.5,0.615502641,1.062,0.616054388,1.07,8.60513842995157,0.000462,-175.51,0.000462,-175.51,0.001525,-175.76,0.001525,-175.76,0.3029508196721311,0.25,0.30294793579867496,0.0013218681242969938,3.3008343790024246,-0.014402698396620176,-0.00026638277377447343
2026-05-18T17:00:06,12,11.5,0.615502641,1.062,0.615730282,1.062,14.809681479725866,0.000395,179.86,0.000395,179.86,0.005762,-168.96,0.005762,-168.96,0.06855258590767095,-11.17999999999995,0.06725165636664701,-0.013291792601866482,14.310516272644644,2.8283677250210078,0.030395569609982215
2026-05-18T17:00:07,12,11.5,0.615502641,1.062,0.615886948,1.074,25.487871847306213,0.000392,178.11,0.000392,178.11,0.006138,-174.91,0.006138,-174.91,0.06386445096122514,-6.980000000000018,0.06339112798730144,-0.007760991500852139,15.54211484883391,1.9028249705736575,0.011881886479961062
2026-05-18T17:00:08,12,11.5,0.615502641,1.062,0.615547688,1.071,43.86533310618707,0.000389,175.68,0.000389,175.68,0.005966,-178.07,0.005966,-178.07,0.06520281595709018,-6.25,0.0648152724720889,-0.0070984268047962155,15.24560440574385,1.6696652323054508,0.006057983747366302
2026-05-18T17:00:09,12,11.5,0.615502641,1.062,0.6155226,1.058,75.49345273093543,0.000386,170.78,0.000386,170.77999999999997,0.006082,-177.62,0.006082,-177.62,0.06346596514304506,-11.600000000000023,0.06216968864606163,-0.01276160433448578,15.434654580474636,3.1682795761910865,0.006679352147862195
2026-05-18T17:00:10,12,11.5,0.615502641,1.062,0.615715548,1.067,129.92632226094094,0.00037,163.92,0.00037,163.91999999999996,0.006117,-178.74,0.006117,-178.74,0.06048716691188491,-17.340000000000032,0.05773820421918368,-0.01802767690441739,15.781082314769197,4.927348486500896,0.006035819796299585
2026-05-18T17:00:11,12,11.5,0.615502641,1.062,0.615684525,1.065,223.60679774997897,0.000334,153.75,0.000334,153.75,0.006137,-178.88,0.006137,-178.88,0.05442398566074629,-27.370000000000005,0.04833155917203638,-0.02502060357387614,16.31736839350853,8.44728398870049,0.006012460336764657
2026-05-18T17:00:13,12,11.5,0.615502641,1.062,0.615703251,1.066,384.8334897033504,0.000269,142.09,0.000269,142.09000000000003,0.006109,-178.77,0.006109,-178.77,0.044033393354067765,-39.139999999999986,0.0341525607044694,-0.027794645664256847,17.61403934904264,14.33497144355705,0.005928490179173209
2026-05-18T17:00:14,12,11.5,0.615502641,1.062,0.615709285,1.068,662.3090902757342,0.000189,140.89,0.000189,140.89,0.006021,-179.31,0.006021,-179.31,0.03139013452914798,-39.80000000000001,0.024116523162128534,-0.020093129580245245,24.47531796590795,20.392066140735015,0.004900277187504211
2026-05-18T17:00:15,12,11.5,0.615502641,1.062,0.615738435,1.075,1139.8522810475968,0.000119,139.27,0.000119,139.26999999999998,0.006067,-173.9,0.006067,-173.9,0.019614306906213946,-46.83000000000004,0.013419428659710882,-0.014305242740271215,34.88093299959414,37.18341713492004,0.005191834710925398
2026-05-18T17:00:16,12,11.5,0.615502641,1.062,0.615768095,1.074,1961.717333622126,1.9e-05,177.07,1.9e-05,177.07,0.003312,-177.92,0.003312,-177.92,0.005736714975845411,-5.009999999999991,0.005714797692050551,-0.0005009850826349117,173.64981100971897,15.222929945403802,0.0012350426371974658
2026-05-18T17:00:17,12,11.5,0.615502641,1.062,0.61577928,1.067,3376.1698432507756,5.6e-05,165.61,5.6e-05,165.61,0.003003,179.87,0.003003,179.87,0.018648018648018648,-14.259999999999991,0.01807343464970558,-0.004593425678039531,51.97270291197602,13.209041487688648,0.000622683201342551
2026-05-18T17:00:18,12,11.5,0.615502641,1.062,0.61578015,1.06,5810.481772840162,6e-05,-148.15,6e-05,-148.15,0.002464,175.62,0.002464,175.62,0.024350649350649352,36.23000000000002,0.019642474703014563,0.014391918264766256,33.126466137364865,-24.27155438700064,-0.0006648223001526992
2026-05-18T17:00:19,12,11.5,0.615502641,1.062,0.615830339,1.066,10000.0,7.5e-05,-166.06,7.5e-05,-166.06,0.003425,169.43,0.003425,169.43,0.0218978102189781,24.50999999999999,0.019924574001300148,0.009084351559307683,41.551592158933616,-18.944910490738437,-0.00030151761510345266
2026-05-18T17:00:21,13,11.6,0.621004381,0.983,0.621450576,0.97,5.000000000000001,1e-06,153.44,1e-06,153.44,0.002757,167.08,0.002757,167.08000000000004,0.0003627130939426913,-13.640000000000043,0.00035248335276298127,-8.553522398665541e-05,2679.2432360357066,650.1574287485432,20.695153714649475
2026-05-18T17:00:23,13,11.6,0.621004381,0.983,0.621284363,0.983,8.60513842995157,0.000436,179.03,0.000436,179.02999999999997,0.001105,-175.44,0.001105,-175.44,0.3945701357466063,-5.529999999999973,0.39273375788322673,-0.038023511700188695,2.522608243831364,0.24423269492110777,0.004517166223154868
2026-05-18T17:00:24,13,11.6,0.621004381,0.983,0.621218991,0.978,14.809681479725866,0.000344,179.92,0.000344,179.91999999999996,0.005708,-168.16,0.005708,-168.16,0.060266292922214436,-11.920000000000073,0.058966767632709895,-0.01244774588173099,16.235227010106613,3.427218215738154,0.03683122563007409
2026-05-18T17:00:25,13,11.6,0.621004381,0.983,0.62136528,0.981,25.487871847306213,0.000343,178.33,0.000343,178.33000000000004,0.006183,-174.96,0.006183,-174.96,0.05547468866246159,-6.709999999999923,0.05509470210798312,-0.006481888754803229,17.902764224051353,2.1062592529556032,0.013152199349917723
2026-05-18T17:00:26,13,11.6,0.621004381,0.983,0.621110931,0.971,43.86533310618707,0.000339,175.45,0.000339,175.45,0.00601,-178.1,0.00601,-178.1,0.056405990016638936,-6.4500000000000455,0.05604895509142658,-0.006336429824153215,17.616396157341452,1.9915635862148475,0.007225915473173685
2026-05-18T17:00:27,13,11.6,0.621004381,0.983,0.621103743,0.971,75.49345273093543,0.000336,171.21,0.000336,171.21000000000004,0.006002,-176.69,0.006002,-176.69,0.05598133955348217,-12.099999999999909,0.0547376153866864,-0.011734727946631723,17.466235080432014,3.744436352823599,0.007894003163014158
2026-05-18T17:00:28,13,11.6,0.621004381,0.983,0.621120091,0.968,129.92632226094094,0.000325,164.58,0.000325,164.58000000000004,0.006012,-178.38,0.006012,-178.38,0.0540585495675316,-17.039999999999964,0.05168540135029999,-0.01584127736654083,17.68638664239562,5.420775481942653,0.006640249630169717
2026-05-18T17:00:29,13,11.6,0.621004381,0.983,0.621123863,0.979,223.60679774997897,0.000293,154.92,0.000293,154.91999999999996,0.006063,-178.77,0.006063,-178.77,0.04832591126505031,-26.31000000000006,0.04331978595778284,-0.021419380107029175,18.54924330970346,9.171635647865543,0.006528026716020427
2026-05-18T17:00:30,13,11.6,0.621004381,0.983,0.621162027,0.981,384.8334897033504,0.000239,143.78,0.000239,143.77999999999997,0.006125,-179.76,0.006125,-179.76,0.039020408163265304,-36.460000000000036,0.031383018956800804,-0.023188324096081264,20.611571410711125,15.229503530523779,0.00629844031918002
2026-05-18T17:00:31,13,11.6,0.621004381,0.983,0.621189921,0.979,662.3090902757342,0.000169,142.35,0.000169,142.35000000000002,0.006014,-179.5,0.006014,-179.5,0.02810109743930828,-38.14999999999998,0.022098597844028685,-0.01735867652274761,27.984538991912295,21.982143999696586,0.005282377863563713
2026-05-18T17:00:33,13,11.6,0.621004381,0.983,0.621207689,0.981,1139.8522810475968,0.00011,140.5,0.00011,140.5,0.0059,-174.33,0.0059,-174.33,0.01864406779661017,-45.16999999999996,0.013144173018615443,-0.013222404458391755,37.81393907256228,38.038999933604714,0.005311297762321772
2026-05-18T17:00:34,13,11.6,0.621004381,0.983,0.621217228,0.98,1961.717333622126,7.1e-05,127.03,7.1e-05,127.02999999999997,0.005231,-172.69,0.005231,-172.69,0.013572930606002676,-60.28000000000003,0.006728941157828544,-0.011787527142273956,36.52577783166444,63.98459839145818,0.005191097076635142
2026-05-18T17:00:35,13,11.6,0.621004381,0.983,0.621245735,0.971,3376.1698432507756,0.000132,-20.44,0.000132,-20.439999999999998,0.000779,-174.63,0.000779,-174.63,0.1694480102695764,154.19,-0.15254435046259285,0.0737756689313226,-5.312796497880526,-2.569450224400409,-0.00012112563147834785
2026-05-18T17:00:36,13,11.6,0.621004381,0.983,0.621261338,0.973,5810.481772840162,6.3e-05,-175.89,6.3e-05,-175.89,0.003378,174.24,0.003378,174.24,0.018650088809946716,9.870000000000005,0.01837405281757411,0.00319687279632716,52.82544351504441,-9.191016538585245,-0.0002517511923009078
2026-05-18T17:00:37,13,11.6,0.621004381,0.983,0.621277705,0.98,10000.0,7.2e-05,-164.06,7.2e-05,-164.06,0.00372,170.82,0.00372,170.82,0.01935483870967742,25.120000000000005,0.017524271038287128,0.008216429032997147,46.78006796609426,-21.933300835306277,-0.0003490793246260591
2026-05-18T17:00:39,14,11.7,0.625860075,0.883,0.626253962,0.88,5.000000000000001,9e-06,173.66,9e-06,173.65999999999997,0.002667,166.97,0.002667,166.97000000000003,0.003374578177727784,6.689999999999941,0.0033516006657926655,0.00039312956471719595,294.31559886554726,-34.522061190762116,-1.0988713368461345
2026-05-18T17:00:40,14,11.7,0.625860075,0.883,0.626272196,0.891,8.60513842995157,0.000384,176.37,0.000384,176.37,0.00185,-138.16,0.00185,-138.16,0.20756756756756756,-45.47000000000003,0.14556352870376477,-0.14797146419909812,3.378575147763638,3.4344640857029445,0.0635215738318212
2026-05-18T17:00:41,14,11.7,0.625860075,0.883,0.626098242,0.884,14.809681479725866,0.000308,-179.82,0.000308,-179.82,0.006005,-168.56,0.006005,-168.56,0.05129059117402165,-11.259999999999991,0.05030330965202794,-0.010015077684812025,19.1214644505278,3.806965252269183,0.04091224641847869
2026-05-18T17:00:43,14,11.7,0.625860075,0.883,0.6262023,0.887,25.487871847306213,0.000305,178.41,0.000305,178.40999999999997,0.006226,-174.9,0.006226,-174.9,0.04898811435913909,-6.690000000000055,0.048654554156031274,-0.005706987676691611,20.274121800552066,2.3780746793083614,0.01484950734690707
2026-05-18T17:00:44,14,11.7,0.625860075,0.883,0.625935206,0.879,43.86533310618707,0.000302,175.55,0.000302,175.55,0.006042,-178.61,0.006042,-178.61,0.049983449189010265,-5.839999999999918,0.049724030878288396,-0.0050858574542935395,19.902786460807736,2.035690451779316,0.007386019324676095
2026-05-18T17:00:45,14,11.7,0.625860075,0.883,0.625876247,0.887,75.49345273093543,0.000301,171.7,0.000301,171.7,0.006004,-176.84,0.006004,-176.84,0.05013324450366422,-11.460000000000036,0.04913377063886945,-0.00996066198960436,19.54917661096783,3.9631141242574563,0.00835501861546751
2026-05-18T17:00:46,14,11.7,0.625860075,0.883,0.625981642,0.88,129.92632226094094,0.000291,165.68,0.000291,165.68,0.006046,-178.49,0.006046,-178.49,0.04813099569963612,-15.829999999999927,0.04630564193609383,-0.013129366775464058,19.98868467290701,5.667533403205668,0.006942518964302142
2026-05-18T17:00:47,14,11.7,0.625860075,0.883,0.626029537,0.897,223.60679774997897,0.000264,156.05,0.000264,156.05,0.006091,-179.28,0.006091,-179.28,0.043342636677064526,-24.66999999999996,0.03938661759719408,-0.018090840455114866,20.966118292232625,9.630039950799608,0.006854301728590155
2026-05-18T17:00:48,14,11.7,0.625860075,0.883,0.626018776,0.887,384.8334897033504,0.000216,145.5,0.000216,145.5,0.006147,-179.75,0.006147,-179.75,0.03513909224011713,-34.75,0.028871927541159487,-0.02002916881743964,23.382702442270737,16.221157868886454,0.006708557146357935
2026-05-18T17:00:49,14,11.7,0.625860075,0.883,0.62603415,0.883,662.3090902757342,0.000155,144.87,0.000155,144.87,0.00604,-178.06,0.00604,-178.06,0.02566225165562914,-37.06999999999999,0.020475901830918474,-0.015468956146018061,31.092347980638312,23.48937650516431,0.005644570542414159
2026-05-18T17:00:50,14,11.7,0.625860075,0.883,0.626050816,0.892,1139.8522810475968,0.000102,146.55,0.000102,146.55,0.005985,-174.09,0.005985,-174.09,0.017042606516290727,-39.360000000000014,0.013176943038537666,-0.010808265773390703,45.367268786294,37.212083031781425,0.005195837263939951
2026-05-18T17:00:51,14,11.7,0.625860075,0.883,0.626064551,0.88,1961.717333622126,1e-05,-149.93,1e-05,-149.93,0.003108,-173.23,0.003108,-173.23,0.0032175032175032177,23.299999999999983,0.002955104187075571,0.0012726689271652658,285.4531353214315,-122.93554219656937,-0.00997381166334494
2026-05-18T17:00:53,14,11.7,0.625860075,0.883,0.626082587,0.897,3376.1698432507756,2.6e-05,178.32,2.6e-05,178.32,0.001704,-173.91,0.001704,-173.91,0.015258215962441313,-7.769999999999982,0.015118126698545047,-0.002062861964174609,64.93673753242986,8.86059024403672,0.0004176942516293662
2026-05-18T17:00:54,14,11.7,0.625860075,0.883,0.626104401,0.883,5810.481772840162,6.3e-05,-174.52,6.3e-05,-174.52,0.0036,179.27,0.0036,179.26999999999998,0.0175,6.210000000000036,0.017397311739275213,0.0018930251573808796,56.80754853640885,-6.181306636345729,-0.00016931220928007238
2026-05-18T17:00:55,14,11.7,0.625860075,0.883,0.626120906,0.884,10000.0,8.5e-05,174.53,8.5e-05,174.52999999999997,0.00318,171.02,0.00318,171.01999999999998,0.026729559748427674,3.509999999999991,0.026679418522118976,0.0016364570469095123,37.341585032951684,-2.290450967635675,-3.645365934088325e-05
2026-05-18T17:00:57,15,11.8,0.630213871,0.798,0.630532822,0.798,5.000000000000001,5e-06,-180.0,5e-06,-180.0,0.002624,167.02,0.002624,167.01999999999998,0.001905487804878049,12.980000000000018,0.001856799786876343,0.00042799337143807766,511.3905875745395,-117.87581151435302,-3.7521036146955664
2026-05-18T17:00:58,15,11.8,0.630213871,0.798,0.630224648,0.807,8.60513842995157,0.000379,170.81,0.000379,170.81,0.002224,-175.5,0.002224,-175.5,0.17041366906474822,-13.690000000000055,0.16557229192238784,-0.04033156024352532,5.701364489049145,1.3887886837259489,0.02568611600200784
2026-05-18T17:00:59,15,11.8,0.630213871,0.798,0.630548589,0.804,14.809681479725866,0.000279,-180.0,0.000279,-180.0,0.006061,-168.47,0.006061,-168.47,0.04603200791948523,-11.530000000000001,0.045103090354170455,-0.009200923519032586,21.28562767036134,4.3422175888994134,0.046664433276299294
2026-05-18T17:01:00,15,11.8,0.630213871,0.798,0.63051424,0.804,25.487871847306213,0.000277,178.77,0.000277,178.76999999999998,0.006223,-175.17,0.006223,-175.17,0.04451229310621887,-6.060000000000059,0.04426355343274738,-0.004699156847803428,22.340163104088344,2.371701372577901,0.01480971025140728
2026-05-18T17:01:01,15,11.8,0.630213871,0.798,0.630266658,0.797,43.86533310618707,0.000273,176.49,0.000273,176.49,0.006076,-178.6,0.006076,-178.6,0.04493087557603687,-4.909999999999968,0.04476599601965719,-0.0038456703443409566,22.17473753130453,1.90494433498668,0.006911638092297325
2026-05-18T17:01:02,15,11.8,0.630213871,0.798,0.630374051,0.804,75.49345273093543,0.000274,172.24,0.000274,172.24,0.006162,-177.44,0.006162,-177.44,0.04446608244076598,-10.319999999999936,0.04374673524884099,-0.007965905014297508,22.125235915630736,4.0288155612139676,0.008493530076814203
2026-05-18T17:01:04,15,11.8,0.630213871,0.798,0.630283289,0.807,129.92632226094094,0.000263,166.07,0.000263,166.07,0.006223,-179.01,0.006223,-179.01,0.04226257432106701,-14.920000000000073,0.040837745054955056,-0.010881349505930157,22.863876129035834,6.092153885713762,0.007462663362705892
2026-05-18T17:01:05,15,11.8,0.630213871,0.798,0.630326652,0.796,223.60679774997897,0.000241,157.1,0.000241,157.10000000000002,0.006179,-179.21,0.006179,-179.21,0.03900307493121865,-23.68999999999994,0.035716392383217194,-0.01567096580362301,23.47847532864998,10.301443103457657,0.00733218134418436
2026-05-18T17:01:06,15,11.8,0.630213871,0.798,0.63032078,0.807,384.8334897033504,0.000198,146.95,0.000198,146.95,0.006021,-179.61,0.006021,-179.61,0.032884902840059786,-33.44,0.027441246247268545,-0.01812166767151804,25.37527192494579,16.757338232917952,0.006930304363291175
2026-05-18T17:01:07,15,11.8,0.630213871,0.798,0.630349654,0.803,662.3090902757342,0.000142,143.01,0.000142,143.01,0.006159,-178.61,0.006159,-178.61,0.023055690858905666,-38.379999999999995,0.018073591948320044,-0.014314683198277464,34.00072614833177,26.92932454801814,0.0064712008016659965
2026-05-18T17:01:08,15,11.8,0.630213871,0.798,0.630366313,0.806,1139.8522810475968,9.6e-05,148.38,9.6e-05,148.38,0.006048,-173.71,0.006048,-173.71,0.015873015873015872,-37.90999999999997,0.01252344221942726,-0.009752744633265071,49.7055421689068,38.708643449429076,0.005404798540821713
2026-05-18T17:01:09,15,11.8,0.630213871,0.798,0.630377512,0.803,1961.717333622126,1.4e-05,142.31,1.4e-05,142.31,0.004152,-173.27,0.004152,-173.27,0.003371868978805395,-44.41999999999996,0.0024082846111341764,-0.002360013907163355,211.81973914766135,207.5741080971195,0.016840573713313378
2026-05-18T17:01:10,15,11.8,0.630213871,0.798,0.630395366,0.801,3376.1698432507756,6e-05,171.87,6e-05,171.87,0.001844,175.92,0.001844,175.91999999999996,0.03253796095444686,-4.0499999999999545,0.03245670704174415,-0.0022980581105585436,30.656585943193363,2.1706027009511653,0.00010232368790201789
2026-05-18T17:01:11,15,11.8,0.630213871,0.798,0.630412571,0.792,5810.481772840162,6.4e-05,-161.43,6.4e-05,-161.43,0.00312,175.01,0.00312,175.01,0.020512820512820513,23.560000000000002,0.01880291287340546,0.008199162936929183,44.68629762570267,-19.485823167295763,-0.0005337363059610452
2026-05-18T17:01:12,15,11.8,0.630213871,0.798,0.630430128,0.794,10000.0,7.2e-05,-163.46,7.2e-05,-163.46,0.002392,172.0,0.002392,172.0,0.030100334448160536,24.539999999999964,0.027381417551314357,0.012501524177943027,30.221310006235235,-13.79813287694178,-0.0002196041052804079
2026-05-18T17:01:15,16,11.9,0.634187654,0.703,0.634428621,0.71,5.000000000000001,2e-06,-180.0,2e-06,-180.0,0.002709,167.31,0.002709,167.31,0.0007382798080472499,12.689999999999998,0.0007202457729705137,0.0001621823094187263,1321.4134923572556,-297.5510581668319,-9.471344345895073
2026-05-18T17:01:16,16,11.9,0.634187654,0.703,0.634146893,0.718,8.60513842995157,0.00034,163.99,0.00034,163.99,0.001696,-175.04,0.001696,-175.04,0.20047169811320756,-20.970000000000027,0.18719404448226018,-0.07174462666128122,4.657854192504194,1.7851850522710715,0.03301760078766143
2026-05-18T17:01:17,16,11.9,0.634187654,0.703,0.634437875,0.717,14.809681479725866,0.000258,179.78,0.000258,179.77999999999997,0.006013,-168.3,0.006013,-168.3,0.04290703475802428,-11.920000000000073,0.04198182807843523,-0.008862265112205283,22.803648682964507,4.813796573518692,0.05173234284364297
2026-05-18T17:01:18,16,11.9,0.634187654,0.703,0.634202904,0.699,25.487871847306213,0.000255,178.32,0.000255,178.32,0.006189,-175.92,0.006189,-175.92,0.041202132816286964,-5.759999999999991,0.04099410394736332,-0.004135116704970069,24.14804644744026,2.4358378557418345,0.015210200272277697
2026-05-18T17:01:19,16,11.9,0.634187654,0.703,0.634285375,0.701,43.86533310618707,0.000256,175.41,0.000256,175.40999999999997,0.006078,-176.6,0.006078,-176.6,0.04211911813096413,-7.990000000000009,0.041710240218902385,-0.005854568558960562,23.51170650980942,3.300170341322022,0.011973884287968257
2026-05-18T17:01:20,16,11.9,0.634187654,0.703,0.634216421,0.709,75.49345273093543,0.00025,172.64,0.00025,172.64,0.006046,-177.83,0.006046,-177.83,0.04134965266291763,-9.529999999999973,0.04077898807554335,-0.006846013940872775,23.850237767616452,4.003999803716488,0.008441213613208145
2026-05-18T17:01:21,16,11.9,0.634187654,0.703,0.634287762,0.716,129.92632226094094,0.000241,166.71,0.000241,166.71000000000004,0.006127,-179.24,0.006127,-179.24,0.03933409498939122,-14.049999999999955,0.038157385650205995,-0.009549081054002272,24.662681076625432,6.171962166607001,0.007560425557331207
2026-05-18T17:01:22,16,11.9,0.634187654,0.703,0.634279076,0.706,223.60679774997897,0.00022,158.08,0.00022,158.08000000000004,0.006108,-179.52,0.006108,-179.52,0.036018336607727575,-22.399999999999977,0.03330061024798771,-0.013725521086617589,25.668759878654587,10.579899357943056,0.007530376076107308
2026-05-18T17:01:23,16,11.9,0.634187654,0.703,0.63431071,0.711,384.8334897033504,0.000183,147.92,0.000183,147.91999999999996,0.006155,-179.54,0.006155,-179.54,0.029731925264013,-32.54000000000008,0.025064492705068442,-0.015992454012515568,28.353903319034025,18.091269599614503,0.007481976128965043
2026-05-18T17:01:25,16,11.9,0.634187654,0.703,0.634270743,0.699,662.3090902757342,0.000133,148.63,0.000133,148.63,0.00601,-179.79,0.00601,-179.79,0.022129783693843597,-31.58000000000004,0.01885257933145731,-0.011589114672286864,38.496073871342126,23.6644231372304,0.005686634794851504
2026-05-18T17:01:26,16,11.9,0.634187654,0.703,0.634292026,0.7,1139.8522810475968,9e-05,148.6,9e-05,148.60000000000002,0.006043,-174.61,0.006043,-174.61,0.014893264934635117,-36.789999999999964,0.011927061348402308,-0.00891933562574476,53.7716821400854,40.211722414971305,0.005614669987500433
2026-05-18T17:01:27,16,11.9,0.634187654,0.703,0.63429569,0.705,1961.717333622126,6.5e-05,155.78,6.5e-05,155.77999999999997,0.004903,-171.3,0.004903,-171.3,0.013257189475831122,-32.920000000000016,0.011128485342185726,-0.007204851614491785,63.31886643581248,40.994171537296666,0.0033258741849780727
2026-05-18T17:01:28,16,11.9,0.634187654,0.703,0.634322968,0.699,3376.1698432507756,2e-05,126.12,2e-05,126.12,0.000662,-179.32,0.000662,-179.32,0.030211480362537766,-54.56,0.017518129839382154,-0.024613993431106495,19.193038233325478,26.96733734305458,0.0012712586272144472
2026-05-18T17:01:29,16,11.9,0.634187654,0.703,0.634368628,0.716,5810.481772840162,6.2e-05,-171.68,6.2e-05,-171.68,0.002223,175.46,0.002223,175.46000000000004,0.027890238416554206,12.859999999999957,0.027190662396014004,0.0062075178129608255,34.95548514349425,-7.980195315901429,-0.00021858558051093984
2026-05-18T17:01:30,16,11.9,0.634187654,0.703,0.634368065,0.713,10000.0,7e-05,-161.31,7e-05,-161.31,0.002951,169.71,0.002951,169.71000000000004,0.02372077261945103,28.97999999999996,0.02075066821529709,0.011492816116268319,36.87859996668601,-20.42531660402595,-0.00032507901017476954
2026-05-18T17:01:32,17,12.0,0.637798545,0.619,0.637496874,0.621,5.000000000000001,1e-06,18.43,1e-06,18.430000000000007,0.002624,167.37,0.002624,167.37,0.0003810975609756097,-148.94,-0.0003264586448915199,-0.00019662172859872602,-2247.790518528594,1353.8145311721821,43.093254933137914
2026-05-18T17:01:33,17,12.0,0.637798545,0.619,0.637648172,0.611,8.60513842995157,0.000139,-165.02,0.000139,-165.02,0.000931,-174.26,0.000931,-174.26,0.14930182599355532,9.23999999999998,0.14736454617534492,0.023973438959492308,6.610933254359927,-1.075474454012138,-0.0198912634489777
2026-05-18T17:01:35,17,12.0,0.637798545,0.619,0.637592333,0.614,14.809681479725866,0.000235,179.88,0.000235,179.88,0.005561,-169.8,0.005561,-169.8,0.04225858658514656,-10.319999999999936,0.041574951015603434,-0.007570441745664734,23.28100970115352,4.239272047649342,0.045558110241489314
2026-05-18T17:01:36,17,12.0,0.637798545,0.619,0.637730505,0.61,25.487871847306213,0.000234,178.91,0.000234,178.90999999999997,0.006259,-175.08,0.006259,-175.08,0.037386163923949514,-6.009999999999991,0.03718067597948844,-0.003914407574169505,26.600847270275654,2.800555807310685,0.01748762324326097
2026-05-18T17:01:37,17,12.0,0.637798545,0.619,0.637890582,0.626,43.86533310618707,0.000238,175.9,0.000238,175.89999999999998,0.006115,-177.56,0.006115,-177.56,0.038920686835650045,-6.539999999999964,0.03866741368883294,-0.0044329428572222685,25.526080436314693,2.9263828414705015,0.010617685119861641
2026-05-18T17:01:38,17,12.0,0.637798545,0.619,0.637930075,0.62,75.49345273093543,0.000231,172.66,0.000231,172.65999999999997,0.006093,-178.22,0.006093,-178.22,0.037912358444116195,-9.120000000000005,0.037433090843999366,-0.0060092123161059295,26.043184321294405,4.180766814750656,0.008813872997087921
2026-05-18T17:01:39,17,12.0,0.637798545,0.619,0.637911583,0.609,129.92632226094094,0.000224,167.24,0.000224,167.24,0.006218,-179.04,0.006218,-179.04,0.036024445159215185,-13.720000000000027,0.03499653764375496,-0.008544179421017817,26.966866093475428,6.583786792586663,0.008064895504383178
2026-05-18T17:01:40,17,12.0,0.637798545,0.619,0.637891606,0.619,223.60679774997897,0.000205,158.8,0.000205,158.8,0.006237,-179.54,0.006237,-179.54,0.032868366201699535,-21.659999999999968,0.03054754654311961,-0.012131648567485194,28.276138561873136,11.229581904194692,0.00799279577764112
2026-05-18T17:01:41,17,12.0,0.637798545,0.619,0.637918091,0.612,384.8334897033504,0.000171,149.01,0.000171,149.01,0.006117,179.86,0.006117,179.86,0.027954879843060325,-30.850000000000023,0.023999620161255165,-0.014335045837227557,30.710657067541312,18.343568514692567,0.007586318969559165
2026-05-18T17:01:42,17,12.0,0.637798545,0.619,0.637921612,0.61,662.3090902757342,0.000125,142.77,0.000125,142.76999999999998,0.006038,179.9,0.006038,179.89999999999998,0.02070221927790659,-37.129999999999995,0.016505216556491526,-0.012496387856250511,38.511232532234416,29.157527070178123,0.007006644827451524
2026-05-18T17:01:43,17,12.0,0.637798545,0.619,0.637931776,0.62,1139.8522810475968,8.6e-05,154.03,8.6e-05,154.02999999999997,0.006075,-176.15,0.006075,-176.15,0.014156378600823047,-29.82000000000005,0.012281959745275213,-0.007039639188572088,61.28628997082511,35.12740454688287,0.004904758418772404
2026-05-18T17:01:45,17,12.0,0.637798545,0.619,0.637946242,0.611,1961.717333622126,7.1e-05,-114.77,7.1e-05,-114.77,0.005329,-171.71,0.005329,-171.71,0.013323325201726403,56.94,0.007268100260674134,0.011166275701044932,40.94450760063219,-62.904699153088266,-0.005103484402330837
2026-05-18T17:01:46,17,12.0,0.637798545,0.619,0.637958184,0.626,3376.1698432507756,4.9e-05,-56.46,4.9e-05,-56.46000000000001,0.000728,-174.17,0.000728,-174.17,0.0673076923076923,117.70999999999998,-0.031297845989263356,0.05958834013646741,-6.908520453466786,-13.153214018694523,-0.0006200514564768456
2026-05-18T17:01:47,17,12.0,0.637798545,0.619,0.637961861,0.624,5810.481772840162,6.1e-05,-171.15,6.1e-05,-171.15,0.002815,173.76,0.002815,173.76,0.021669626998223803,15.090000000000032,0.020922416714054527,0.0056413839689921546,44.556285295869046,-12.013866133213343,-0.000329071883450828
2026-05-18T17:01:48,17,12.0,0.637798545,0.619,0.637974854,0.622,10000.0,7e-05,-161.44,7e-05,-161.44,0.003488,170.79,0.003488,170.78999999999996,0.02006880733944954,27.77000000000004,0.01775738352623056,0.009350527168577134,44.08956837619364,-23.216297960984026,-0.00036949885807848983
2026-05-18T17:01:50,18,12.1,0.641144143,0.53,0.640859049,0.533,5.000000000000001,2e-06,111.8,2e-06,111.80000000000001,0.002574,167.77,0.002574,167.76999999999998,0.000777000777000777,-55.96999999999997,0.00043483054378855844,-0.0006439352495774382,720.2398329845107,1066.5943854073319,33.95075374232779
2026-05-18T17:01:51,18,12.1,0.641144143,0.53,0.641124661,0.518,8.60513842995157,0.000119,-158.2,0.000119,-158.2,0.002335,-155.92,0.002335,-155.92,0.050963597430406855,-2.280000000000001,0.05092325173554072,-0.0020274850745002774,19.606314963195285,0.780616115409736,0.014437758838628256
2026-05-18T17:01:52,18,12.1,0.641144143,0.53,0.640925642,0.52,14.809681479725866,0.000217,-180.0,0.000217,-180.0,0.005929,-170.77,0.005929,-170.77,0.03659976387249114,-9.22999999999999,0.03612588536152774,-0.005870529990372537,26.968819241756773,4.382488085185402,0.04709720750938817
2026-05-18T17:01:53,18,12.1,0.641144143,0.53,0.64111123,0.531,25.487871847306213,0.00022,178.04,0.00022,178.03999999999996,0.006311,-174.8,0.006311,-174.8,0.03485976865789891,-7.160000000000082,0.03458793074005432,-0.004344941657080855,28.46266618621791,3.575484897131219,0.022326544120198615
2026-05-18T17:01:54,18,12.1,0.641144143,0.53,0.64125333,0.521,43.86533310618707,0.000216,175.69,0.000216,175.69,0.006148,-176.52,0.006148,-176.52,0.03513337670787248,-7.789999999999964,0.03480914877015617,-0.004762071061461724,28.200292856997628,3.8579454908759514,0.013997638945671017
2026-05-18T17:01:56,18,12.1,0.641144143,0.53,0.64129274,0.519,75.49345273093543,0.000215,173.32,0.000215,173.32,0.006256,-179.0,0.006256,-179.0,0.034367007672634266,-7.680000000000064,0.034058732498149114,-0.004592815801926276,28.836665641118042,3.8886207417903424,0.008197972015816917
2026-05-18T17:01:57,18,12.1,0.641144143,0.53,0.64126842,0.523,129.92632226094094,0.000209,167.86,0.000209,167.86,0.006142,-178.01,0.006142,-178.01,0.03402800390752198,-14.129999999999995,0.032998463708325064,-0.008307011666097795,28.498419374119244,7.174173449366689,0.008788097340061451
2026-05-18T17:01:58,18,12.1,0.641144143,0.53,0.641261019,0.536,223.60679774997897,0.000192,159.97,0.000192,159.97000000000003,0.006049,-178.79,0.006049,-178.79,0.031740783600595145,-21.24000000000001,0.029584667480902056,-0.01149890401839524,29.365094579477695,11.413560902061443,0.008123745137098102
2026-05-18T17:01:59,18,12.1,0.641144143,0.53,0.641257953,0.52,384.8334897033504,0.00016,150.32,0.00016,150.32,0.006117,179.96,0.006117,179.96000000000004,0.026156612718652935,-29.640000000000043,0.02273401683615324,-0.012935720598679359,33.228686394372886,18.907217591885864,0.007819426376281096
2026-05-18T17:02:00,18,12.1,0.641144143,0.53,0.641270629,0.521,662.3090902757342,0.000118,148.79,0.000118,148.78999999999996,0.005935,-178.74,0.005935,-178.74,0.019882055602358888,-32.47000000000003,0.01677394672849273,-0.010673839333856329,42.433874870902166,27.002134322723744,0.006488697217946467
2026-05-18T17:02:01,18,12.1,0.641144143,0.53,0.641278581,0.534,1139.8522810475968,8.2e-05,152.5,8.2e-05,152.5,0.005922,-173.16,0.005922,-173.16,0.013846673421141506,-34.34000000000003,0.01143326301599373,-0.007810944990131255,59.63198904892825,40.73921726997061,0.005688322876584905
2026-05-18T17:02:02,18,12.1,0.641144143,0.53,0.641273651,0.52,1961.717333622126,1.5e-05,-172.15,1.5e-05,-172.15,0.003402,-175.43,0.003402,-175.43,0.004409171075837742,3.280000000000001,0.004401948189714207,0.0002522730882911735,226.42846745008498,-12.976483661062575,-0.0010527875159241189
2026-05-18T17:02:03,18,12.1,0.641144143,0.53,0.64130711,0.522,3376.1698432507756,5.6e-05,175.92,5.6e-05,175.91999999999996,0.002746,176.66,0.002746,176.65999999999997,0.02039329934450109,-0.7400000000000091,0.02039159848031708,-0.0002633810394822157,49.031624555614364,0.6333000453801911,2.9854194949365986e-05
2026-05-18T17:02:04,18,12.1,0.641144143,0.53,0.641310659,0.531,5810.481772840162,6e-05,-169.99,6e-05,-169.99,0.003361,175.26,0.003361,175.26,0.01785182981255579,14.75,0.017263539522414936,0.0045451106493102226,54.17069001149604,-14.26195246531297,-0.0003906492304314888
2026-05-18T17:02:06,18,12.1,0.641144143,0.53,0.641331801,0.53,10000.0,7e-05,-160.27,7e-05,-160.27,0.002773,171.54,0.002773,171.53999999999996,0.025243418680129824,28.190000000000055,0.02224919365366737,0.01192491376999997,34.915473433977795,-18.713667399370223,-0.00029783726699874247
2026-05-18T17:02:08,19,12.2,0.644299076,0.44,0.644258066,0.444,5.000000000000001,2e-06,90.0,2e-06,90.0,0.002643,168.45,0.002643,168.45,0.0007567158531971244,-78.44999999999999,0.00015151192131732487,-0.000741392622150089,264.59469981354647,1294.7400877514294,41.21285699697486
2026-05-18T17:02:09,19,12.2,0.644299076,0.44,0.644045277,0.435,8.60513842995157,0.000197,153.53,0.000197,153.52999999999997,0.00243,-168.14,0.00243,-168.14,0.08106995884773663,-38.33000000000004,0.06359547088220745,-0.05027876600359256,9.676232214495265,7.650057599387093,0.14149040039173744
2026-05-18T17:02:10,19,12.2,0.644299076,0.44,0.644443296,0.445,14.809681479725866,0.000205,179.86,0.000205,179.86,0.006064,-169.19,0.006064,-169.19,0.03380606860158311,-10.950000000000045,0.03319057239310672,-0.00642154019787195,29.041925385705426,5.618881442570051,0.0603843342246478
2026-05-18T17:02:11,19,12.2,0.644299076,0.44,0.644235536,0.429,25.487871847306213,0.000205,178.75,0.000205,178.75,0.006244,-175.85,0.006244,-175.85,0.032831518257527226,-5.399999999999977,0.03268581081736569,-0.0030897188069018825,30.323360521861623,2.86640150419903,0.017898786176121458
2026-05-18T17:02:12,19,12.2,0.644299076,0.44,0.644388238,0.43,43.86533310618707,0.0002,176.69,0.0002,176.69,0.006131,-176.7,0.006131,-176.7,0.032621105855488504,-6.610000000000014,0.03240426325733082,-0.0037550326209749604,30.451226716654816,3.528713143751994,0.012803097567319238
2026-05-18T17:02:13,19,12.2,0.644299076,0.44,0.644385507,0.44,75.49345273093543,0.000202,173.61,0.000202,173.61,0.006267,-179.02,0.006267,-179.02,0.032232328067655976,-7.3700000000000045,0.031966039518019726,-0.004134645110938091,30.768440355250604,3.979741732294153,0.008390072860770963
2026-05-18T17:02:14,19,12.2,0.644299076,0.44,0.644333836,0.428,129.92632226094094,0.000195,168.38,0.000195,168.38,0.006284,-179.25,0.006284,-179.25,0.031031190324633993,-12.370000000000005,0.030310788195837317,-0.0066476230271238805,31.477509221677323,6.903502930592335,0.008456535957713784
2026-05-18T17:02:16,19,12.2,0.644299076,0.44,0.644378483,0.442,223.60679774997897,0.000181,160.62,0.000181,160.62,0.00622,-179.69,0.00622,-179.69,0.029099678456591643,-19.690000000000055,0.027398201770029926,-0.009804581890409851,32.35531849942387,11.57851060739698,0.00824115015890364
2026-05-18T17:02:17,19,12.2,0.644299076,0.44,0.64439936,0.427,384.8334897033504,0.000152,151.33,0.000152,151.33000000000004,0.006075,180.0,0.006075,-180.0,0.025020576131687247,-28.66999999999996,0.02195299064355485,-0.012003975664984944,35.06703775621294,19.174784643397672,0.007930083634539606
2026-05-18T17:02:18,19,12.2,0.644299076,0.44,0.644391111,0.427,662.3090902757342,0.000114,152.2,0.000114,152.2,0.006046,-179.25,0.006046,-179.25,0.018855441614290442,-28.55000000000001,0.016562627051060635,-0.009011496193051974,46.586041127209,25.346820342750092,0.006090920098245083
2026-05-18T17:02:19,19,12.2,0.644299076,0.44,0.644410869,0.44,1139.8522810475968,7.9e-05,154.25,7.9e-05,154.25,0.005936,-175.12,0.005936,-175.12,0.013308625336927222,-30.629999999999995,0.011451744385052346,-0.00678063853174045,64.6554661943864,38.282844134867105,0.005345345165323446
2026-05-18T17:02:20,19,12.2,0.644299076,0.44,0.644416001,0.429,1961.717333622126,1.2e-05,100.88,1.2e-05,100.88,0.004105,-172.7,0.004105,-172.7,0.00292326431181486,-86.42000000000002,0.00018253487550487046,-0.002917559811889866,21.36041493405875,341.41578700799596,0.02769920478380147
2026-05-18T17:02:21,19,12.2,0.644299076,0.44,0.644432937,0.432,3376.1698432507756,8e-06,-180.0,8e-06,-180.0,1.1e-05,-171.87,1.1e-05,-171.87,0.7272727272727273,-8.129999999999995,0.7199634518524404,-0.10285060929051233,1.3611809011585199,0.19445193318987483,9.166596408889494e-06
2026-05-18T17:02:22,19,12.2,0.644299076,0.44,0.644442058,0.431,5810.481772840162,5.9e-05,-167.84,5.9e-05,-167.84,0.000651,174.88,0.000651,174.88,0.09062980030721966,17.279999999999973,0.08653918301083248,0.02692081922126733,10.535878281865502,-3.2775266035025323,-8.977475198371438e-05
2026-05-18T17:02:23,19,12.2,0.644299076,0.44,0.64445705,0.433,10000.0,6.8e-05,-159.3,6.8e-05,-159.3,0.002349,171.46,0.002349,171.46000000000004,0.02894848871860366,29.239999999999952,0.02525990917450391,0.014140438026699764,30.14255019528262,-16.87372904069247,-0.0002685537385219472
